success,state,ac_acn,pc,name,name_v1,gender,age,epic_no,father_name,father_name_v1,part_number,part_name,serial_no,polling_station
1,Kerala,ALATHUR - 60,ALATHUR,JOSEPH J ,ജോസഫ് ജെ ,M,21,WJT2286292,JOSEPH THOMAS,ജോസഫ് തോമസ്,100,ST.MARRIES L P S MANGALAGIRI (NORTH SIDE),1,ST.MARRIES L P S MANGALAGIRI - 100
1,Kerala,ALATHUR - 60,ALATHUR,Johnson P P,ജോണ്‍സന്‍ പി പി,M,61,WJT0619247,Peter,പീറ്റര്‍,100,ST.MARRIES L P S MANGALAGIRI (NORTH SIDE),2,ST.MARRIES L P S MANGALAGIRI - 100
1,Kerala,ALATHUR - 60,ALATHUR,Kathrikutty Johnson,കത്രിക്കുട്ടി ജോണ്‍സന്‍,F,54,WJT0619254,Johnson P P,ജോണ്‍സന്‍ പി പി,100,ST.MARRIES L P S MANGALAGIRI (NORTH SIDE),3,ST.MARRIES L P S MANGALAGIRI - 100
1,Kerala,ALATHUR - 60,ALATHUR,Smithamol Joseph ,സ്മിതാമോള്‍ ജോസഫ് ,F,36,ZMG0079657,Baiju,ബൈജു,100,ST.MARRIES L P S MANGALAGIRI (NORTH SIDE),4,ST.MARRIES L P S MANGALAGIRI - 100
1,Kerala,ALATHUR - 60,ALATHUR,Shibin Johnson,ഷിബിന്‍ ജോണ്‍സന്‍,M,32,WJT0619262,Johnson P P,ജോണ്‍സന്‍ പി പി,100,ST.MARRIES L P S MANGALAGIRI (NORTH SIDE),5,ST.MARRIES L P S MANGALAGIRI - 100
1,Kerala,ALATHUR - 60,ALATHUR,Chinju V Jose ,ചിഞ്ചു വി ജോസ് ,F,28,AFU0310532,Rijo Thomas,റിജോ തോമസ്,100,ST.MARRIES L P S MANGALAGIRI (NORTH SIDE),6,ST.MARRIES L P S MANGALAGIRI - 100
1,Kerala,ALATHUR - 60,ALATHUR,Sajini Philip,സജിനി ഫിലിപ്പ്,F,24,WJT0618132,Philip M,ഫിലിപ്പ് എം,100,ST.MARRIES L P S MANGALAGIRI (NORTH SIDE),7,ST.MARRIES L P S MANGALAGIRI - 100
1,Kerala,ALATHUR - 60,ALATHUR,Martin Shaji ,മാര്‍ട്ടിന്‍ ഷാജി ,M,22,WJT0623363,Shaji,ഷാജി,100,ST.MARRIES L P S MANGALAGIRI (NORTH SIDE),8,ST.MARRIES L P S MANGALAGIRI - 100
1,Kerala,ALATHUR - 60,ALATHUR,Chacko ,ചാക്കോ ,M,61,KL/07/053/327472,Mathai,മത്തായി,100,ST.MARRIES L P S MANGALAGIRI (NORTH SIDE),9,ST.MARRIES L P S MANGALAGIRI - 100
1,Kerala,ALATHUR - 60,ALATHUR,Filomina ,ഫിലോമിന ,F,54,KL/07/053/327196,Chacko,ചാക്കോ,100,ST.MARRIES L P S MANGALAGIRI (NORTH SIDE),10,ST.MARRIES L P S MANGALAGIRI - 100
1,Kerala,ALATHUR - 60,ALATHUR,Jilson Chacko ,ജില്‍സണ്‍ ചാക്കോ ,M,30,WJT0303404,Chacko,ചാക്കോ,100,ST.MARRIES L P S MANGALAGIRI (NORTH SIDE),11,ST.MARRIES L P S MANGALAGIRI - 100
1,Kerala,ALATHUR - 60,ALATHUR,Nisha Chacko ,നിഷ ചാക്കോ ,F,25,WJT0357285,Chacko K M,ചാക്കോ കെ എം,100,ST.MARRIES L P S MANGALAGIRI (NORTH SIDE),12,ST.MARRIES L P S MANGALAGIRI - 100
1,Kerala,ALATHUR - 60,ALATHUR,Sobhana ,ശോഭന ,F,51,WJT0415984,Kuttan Pillai,കുട്ടന്‍ പിള്ള,100,ST.MARRIES L P S MANGALAGIRI (NORTH SIDE),13,ST.MARRIES L P S MANGALAGIRI - 100
1,Kerala,ALATHUR - 60,ALATHUR,Raju V K ,രാജു വി കെ ,M,64,WJT0424853,Krishnan,കൃഷ്ണന്‍,100,ST.MARRIES L P S MANGALAGIRI (NORTH SIDE),14,ST.MARRIES L P S MANGALAGIRI - 100
1,Kerala,ALATHUR - 60,ALATHUR,Omana ,ഓമന ,F,53,WJT0424937,Raju V K,രാജു വി കെ,100,ST.MARRIES L P S MANGALAGIRI (NORTH SIDE),15,ST.MARRIES L P S MANGALAGIRI - 100
1,Kerala,ALATHUR - 60,ALATHUR,Resmi V R ,രശ്മി വി ആര്‍ ,F,26,WJT0287581,Raju P N,രാജു പി എന്‍,100,ST.MARRIES L P S MANGALAGIRI (NORTH SIDE),16,ST.MARRIES L P S MANGALAGIRI - 100
1,Kerala,ALATHUR - 60,ALATHUR,Kochukutti ,കൊച്ചുകുട്ടി ,M,73,KL/07/053/327247,Filipp,ഫിലിപ്പ്,100,ST.MARRIES L P S MANGALAGIRI (NORTH SIDE),17,ST.MARRIES L P S MANGALAGIRI - 100
1,Kerala,ALATHUR - 60,ALATHUR,Achamma ,അച്ചാമ്മ ,F,66,WJT0584904,Philip,ഫിലിപ്പ്,100,ST.MARRIES L P S MANGALAGIRI (NORTH SIDE),18,ST.MARRIES L P S MANGALAGIRI - 100
1,Kerala,ALATHUR - 60,ALATHUR,Royi ,റോയി ,M,43,KL/07/053/327244,Kochukutti,കൊച്ചുകുട്ടി,100,ST.MARRIES L P S MANGALAGIRI (NORTH SIDE),19,ST.MARRIES L P S MANGALAGIRI - 100
1,Kerala,ALATHUR - 60,ALATHUR,Jobi ,ജോബി ,M,40,DLV1450105,Filipp,ഫിലിപ്പ്,100,ST.MARRIES L P S MANGALAGIRI (NORTH SIDE),20,ST.MARRIES L P S MANGALAGIRI - 100
1,Kerala,ALATHUR - 60,ALATHUR,V  N Chacko ,വി എന്‍ ചാക്കോ ,M,62,DLV1153329,Mathai,മത്തായി,100,ST.MARRIES L P S MANGALAGIRI (NORTH SIDE),21,ST.MARRIES L P S MANGALAGIRI - 100
1,Kerala,ALATHUR - 60,ALATHUR,Chinnamma ,ചിന്നമ്മ ,F,58,KL/07/053/327565,Chacko,ചാക്കോ,100,ST.MARRIES L P S MANGALAGIRI (NORTH SIDE),22,ST.MARRIES L P S MANGALAGIRI - 100
1,Kerala,ALATHUR - 60,ALATHUR,Sunny ,സണ്ണി ,M,57,DLV1480029,Jacob,ജേക്കബ്,100,ST.MARRIES L P S MANGALAGIRI (NORTH SIDE),23,ST.MARRIES L P S MANGALAGIRI - 100
1,Kerala,ALATHUR - 60,ALATHUR,Laila ,ലൈല ,F,55,DLV1480037,Sunny,സണ്ണി,100,ST.MARRIES L P S MANGALAGIRI (NORTH SIDE),24,ST.MARRIES L P S MANGALAGIRI - 100
1,Kerala,ALATHUR - 60,ALATHUR,Elena Sunny ,എലേന സണ്ണി ,F,28,WJT0175091,Sunny Jacob,സണ്ണി ജേക്കബ്,100,ST.MARRIES L P S MANGALAGIRI (NORTH SIDE),25,ST.MARRIES L P S MANGALAGIRI - 100
1,Kerala,ALATHUR - 60,ALATHUR,Ebin Sunny ,എബിന്‍ സണ്ണി ,M,28,WJT0174672,Sunny Jacob,സണ്ണി ജേക്കബ്,100,ST.MARRIES L P S MANGALAGIRI (NORTH SIDE),26,ST.MARRIES L P S MANGALAGIRI - 100
1,Kerala,ALATHUR - 60,ALATHUR,Amala Tom ,അമല ടോം ,F,25,WJT0347344,Tomy Cheriyan,ടോമി ചെറിയാന്‍,100,ST.MARRIES L P S MANGALAGIRI (NORTH SIDE),27,ST.MARRIES L P S MANGALAGIRI - 100
1,Kerala,ALATHUR - 60,ALATHUR,Gopalapilla ,ഗോപാലപിള്ള ,M,69,WJT0414367,Parameswaran Pillai,പരമേശ്വരന്‍ പിള്ള,100,ST.MARRIES L P S MANGALAGIRI (NORTH SIDE),28,ST.MARRIES L P S MANGALAGIRI - 100
1,Kerala,ALATHUR - 60,ALATHUR,Saradha ,ശാരദ ,F,62,WJT0414375,Gopalapilla,ഗോപാലപിള്ള,100,ST.MARRIES L P S MANGALAGIRI (NORTH SIDE),29,ST.MARRIES L P S MANGALAGIRI - 100
1,Kerala,ALATHUR - 60,ALATHUR,Anish Kumar ,അനീഷ്​​കുമാര്‍ ,M,39,DLV1202282,Gopalapilla,ഗോപാലപിള്ള,100,ST.MARRIES L P S MANGALAGIRI (NORTH SIDE),30,ST.MARRIES L P S MANGALAGIRI - 100
1,Kerala,ALATHUR - 60,ALATHUR,Ajish Kumar C G ,അജീഷ് കുമാര്‍ സി ജി ,M,37,DLV1579754,P  Gopalapilla,പി ഗോപാലപിള്ള,100,ST.MARRIES L P S MANGALAGIRI (NORTH SIDE),31,ST.MARRIES L P S MANGALAGIRI - 100
1,Kerala,ALATHUR - 60,ALATHUR,Geetha R ,ഗീത ആര്‍ ,F,30,WJT0106369,Anish Kumar,അനീഷ്​​കുമാര്‍,100,ST.MARRIES L P S MANGALAGIRI (NORTH SIDE),32,ST.MARRIES L P S MANGALAGIRI - 100
1,Kerala,ALATHUR - 60,ALATHUR,Abdul Asees ,അബ്ദുള്‍ അസീസ് ,M,63,KL/07/053/327478,Kunjukunj Ravuthar,കുഞ്ഞുകുഞ്ഞ് റാവുത്തര്‍,100,ST.MARRIES L P S MANGALAGIRI (NORTH SIDE),33,ST.MARRIES L P S MANGALAGIRI - 100
1,Kerala,ALATHUR - 60,ALATHUR,Nabeesa ,നബീസ ,F,59,KL/07/053/327535,Abdul Asees,അബ്ദുള്‍ അസീസ്,100,ST.MARRIES L P S MANGALAGIRI (NORTH SIDE),34,ST.MARRIES L P S MANGALAGIRI - 100
1,Kerala,ALATHUR - 60,ALATHUR,Visyanathan ,വിശ്യനാഥന്‍ ,M,73,DLV1202175,Kutti,കുട്ടി,100,ST.MARRIES L P S MANGALAGIRI (NORTH SIDE),35,ST.MARRIES L P S MANGALAGIRI - 100
1,Kerala,ALATHUR - 60,ALATHUR,Leelamani ,ലീലാമണി ,F,71,DLV1203116,Viswanathan,വിശ്വനാഥന്‍,100,ST.MARRIES L P S MANGALAGIRI (NORTH SIDE),36,ST.MARRIES L P S MANGALAGIRI - 100
1,Kerala,ALATHUR - 60,ALATHUR,Aji ,അജി ,M,45,DLV1200757,C.Ke.Viswanathan,സി.കെ.വിശ്വനാഥന്‍,100,ST.MARRIES L P S MANGALAGIRI (NORTH SIDE),37,ST.MARRIES L P S MANGALAGIRI - 100
1,Kerala,ALATHUR - 60,ALATHUR,Siji ,സിജി ,F,35,JLC1630342,Aji,അജി,100,ST.MARRIES L P S MANGALAGIRI (NORTH SIDE),38,ST.MARRIES L P S MANGALAGIRI - 100
1,Kerala,ALATHUR - 60,ALATHUR,Jon ,ജോണ്‍ ,M,86,KL/07/053/327522,Lukose,ലൂക്കോസ്,100,ST.MARRIES L P S MANGALAGIRI (NORTH SIDE),39,ST.MARRIES L P S MANGALAGIRI - 100
1,Kerala,ALATHUR - 60,ALATHUR,Chinnamma ,ചിന്നമ്മ ,F,70,KL/07/053/327030,Jon,ജോണ്‍,100,ST.MARRIES L P S MANGALAGIRI (NORTH SIDE),40,ST.MARRIES L P S MANGALAGIRI - 100
1,Kerala,ALATHUR - 60,ALATHUR,Binoyjon ,ബിനോയ്ജോണ്‍ ,M,39,DLV1450113,Jon,ജോണ്‍,100,ST.MARRIES L P S MANGALAGIRI (NORTH SIDE),41,ST.MARRIES L P S MANGALAGIRI - 100
1,Kerala,ALATHUR - 60,ALATHUR,Soman ,സോമന്‍ ,M,63,KL/07/053/327571,Narayanan,നാരായണന്‍,100,ST.MARRIES L P S MANGALAGIRI (NORTH SIDE),42,ST.MARRIES L P S MANGALAGIRI - 100
1,Kerala,ALATHUR - 60,ALATHUR,Jayakrishnan ,ജയകൃഷ്ണന്‍ ,M,42,DLV1327022,R.En.Soman,ആര്‍.എന്‍.സോമന്‍,100,ST.MARRIES L P S MANGALAGIRI (NORTH SIDE),43,ST.MARRIES L P S MANGALAGIRI - 100
1,Kerala,ALATHUR - 60,ALATHUR,Thankachan ,തങ്കച്ചന്‍ ,M,53,KL/07/053/327199,Sebasttyan,സെബാസ്റ്റ്യന്‍,100,ST.MARRIES L P S MANGALAGIRI (NORTH SIDE),44,ST.MARRIES L P S MANGALAGIRI - 100
1,Kerala,ALATHUR - 60,ALATHUR,Ansamma ,ആന്‍സാമ്മ ,F,49,WJT0111872,Thankachan,തങ്കച്ചന്‍,100,ST.MARRIES L P S MANGALAGIRI (NORTH SIDE),45,ST.MARRIES L P S MANGALAGIRI - 100
1,Kerala,ALATHUR - 60,ALATHUR,Shaji P R ,ഷാജി പി ആര്‍ ,M,49,DLV1202308,Ramanan,രമണന്‍,100,ST.MARRIES L P S MANGALAGIRI (NORTH SIDE),46,ST.MARRIES L P S MANGALAGIRI - 100
1,Kerala,ALATHUR - 60,ALATHUR,Indira ,ഇന്ദിര ,F,45,DLV1202696,Shaji,ഷാജി,100,ST.MARRIES L P S MANGALAGIRI (NORTH SIDE),47,ST.MARRIES L P S MANGALAGIRI - 100
1,Kerala,ALATHUR - 60,ALATHUR,Sharun P S ,ഷാരുണ്‍ പി എസ് ,M,23,WJT0551143,Shaji P R,ഷാജി പി ആര്‍,100,ST.MARRIES L P S MANGALAGIRI (NORTH SIDE),48,ST.MARRIES L P S MANGALAGIRI - 100
1,Kerala,ALATHUR - 60,ALATHUR,Sasi A ,ശശി എ ,M,67,WJT0416115,Achuthan,അച്ചുതന്‍,100,ST.MARRIES L P S MANGALAGIRI (NORTH SIDE),49,ST.MARRIES L P S MANGALAGIRI - 100
1,Kerala,ALATHUR - 60,ALATHUR,Vesu T ,വേശു ടി ,F,54,WJT0416040,Sasi A,ശശി എ,100,ST.MARRIES L P S MANGALAGIRI (NORTH SIDE),50,ST.MARRIES L P S MANGALAGIRI - 100
1,Kerala,ALATHUR - 60,ALATHUR,Shijo V S ,ഷിജോ വി എസ് ,M,29,WJT0110080,Sasi,ശശി,100,ST.MARRIES L P S MANGALAGIRI (NORTH SIDE),51,ST.MARRIES L P S MANGALAGIRI - 100
1,Kerala,ALATHUR - 60,ALATHUR,Sara ,സാറ ,F,79,KL/07/053/327309,Kora,കോര,100,ST.MARRIES L P S MANGALAGIRI (NORTH SIDE),52,ST.MARRIES L P S MANGALAGIRI - 100
1,Kerala,ALATHUR - 60,ALATHUR,Krishnan ,കൃഷ്ണന്‍ ,M,59,WJT0111690,Chami,ചാമി,100,ST.MARRIES L P S MANGALAGIRI (NORTH SIDE),53,ST.MARRIES L P S MANGALAGIRI - 100
1,Kerala,ALATHUR - 60,ALATHUR,Kuryakkos ,കുര്യാക്കോസ് ,M,55,KL/07/053/327530,Kora,കോര,100,ST.MARRIES L P S MANGALAGIRI (NORTH SIDE),54,ST.MARRIES L P S MANGALAGIRI - 100
1,Kerala,ALATHUR - 60,ALATHUR,Sundari ,സുന്ദരി ,F,50,WJT0593798,Krishnan,കൃഷ്ണന്‍,100,ST.MARRIES L P S MANGALAGIRI (NORTH SIDE),55,ST.MARRIES L P S MANGALAGIRI - 100
1,Kerala,ALATHUR - 60,ALATHUR,Shaini ,ഷൈനി ,F,45,KL/10/062/291764,Kuryakkos,കുര്യാക്കോസ്,100,ST.MARRIES L P S MANGALAGIRI (NORTH SIDE),56,ST.MARRIES L P S MANGALAGIRI - 100
1,Kerala,ALATHUR - 60,ALATHUR,Anish K ,അനീഷ് കെ ,M,31,WJT0176362,Krishnan,കൃഷ്ണന്‍,100,ST.MARRIES L P S MANGALAGIRI (NORTH SIDE),57,ST.MARRIES L P S MANGALAGIRI - 100
1,Kerala,ALATHUR - 60,ALATHUR,Joseph Sebastian ,ജോസഫ് സെബാസ്റ്റ്യന്‍ ,M,66,WJT0414805,Sebastian,സെബാസ്റ്റ്യന്‍,100,ST.MARRIES L P S MANGALAGIRI (NORTH SIDE),58,ST.MARRIES L P S MANGALAGIRI - 100
1,Kerala,ALATHUR - 60,ALATHUR,Achamma Joseph ,അച്ചാമ്മ ജോസഫ് ,F,62,WJT0414532,Joseph Sebastian,ജോസഫ് സെബാസ്റ്റ്യന്‍,100,ST.MARRIES L P S MANGALAGIRI (NORTH SIDE),59,ST.MARRIES L P S MANGALAGIRI - 100
1,Kerala,ALATHUR - 60,ALATHUR,Manoj P K ,മനോജ് പി കെ ,M,46,DLV1617265,Kunjappan,കുഞ്ഞപ്പന്‍,100,ST.MARRIES L P S MANGALAGIRI (NORTH SIDE),60,ST.MARRIES L P S MANGALAGIRI - 100
1,Kerala,ALATHUR - 60,ALATHUR,Divya Viswanathan ,ദിവ്യ വിശ്വനാഥന്‍ ,F,36,DLV1653146,Manoj P K,മനോജ് പി കെ,100,ST.MARRIES L P S MANGALAGIRI (NORTH SIDE),61,ST.MARRIES L P S MANGALAGIRI - 100
1,Kerala,ALATHUR - 60,ALATHUR,Jissmon Joseph ,ജിസ്മോന്‍ ജോസഫ് ,M,33,DLV1780386,Joseph Sebastian,ജോസഫ് സെബാസ്റ്റ്യന്‍,100,ST.MARRIES L P S MANGALAGIRI (NORTH SIDE),62,ST.MARRIES L P S MANGALAGIRI - 100
1,Kerala,ALATHUR - 60,ALATHUR,Devaki ,ദേവകി ,F,55,KL/07/053/327653,Mohanan,മോഹനന്‍,100,ST.MARRIES L P S MANGALAGIRI (NORTH SIDE),64,ST.MARRIES L P S MANGALAGIRI - 100
1,Kerala,ALATHUR - 60,ALATHUR,Roy A K ,റോയ് എ കെ ,M,55,WJT0415315,Kurian,കുര്യന്‍,100,ST.MARRIES L P S MANGALAGIRI (NORTH SIDE),65,ST.MARRIES L P S MANGALAGIRI - 100
1,Kerala,ALATHUR - 60,ALATHUR,Moly Roy ,മോളി റോയ് ,F,52,WJT0113647,Roy,റോയ്,100,ST.MARRIES L P S MANGALAGIRI (NORTH SIDE),66,ST.MARRIES L P S MANGALAGIRI - 100
1,Kerala,ALATHUR - 60,ALATHUR,Jithin Roy ,ജിതിന്‍ റോയ് ,M,28,WJT0415513,Roy A K,റോയി എ. കെ,100,ST.MARRIES L P S MANGALAGIRI (NORTH SIDE),67,ST.MARRIES L P S MANGALAGIRI - 100
1,Kerala,ALATHUR - 60,ALATHUR,Dona Roy  ,ഡോണ റോയ് ,F,25,WJT0405647,Roy A K,റോയ് എ കെ,100,ST.MARRIES L P S MANGALAGIRI (NORTH SIDE),68,ST.MARRIES L P S MANGALAGIRI - 100
1,Kerala,ALATHUR - 60,ALATHUR,Meri ,മേരി ,F,57,KL/07/053/327389,Joseph,ജോസഫ്,100,ST.MARRIES L P S MANGALAGIRI (NORTH SIDE),69,ST.MARRIES L P S MANGALAGIRI - 100
1,Kerala,ALATHUR - 60,ALATHUR,Raju ,രാജു ,M,67,KL/07/053/327620,Kuttappan,കുട്ടപ്പന്‍,100,ST.MARRIES L P S MANGALAGIRI (NORTH SIDE),70,ST.MARRIES L P S MANGALAGIRI - 100
1,Kerala,ALATHUR - 60,ALATHUR,Saji ,സജി ,M,43,DLV1200799,Raju,രാജു,100,ST.MARRIES L P S MANGALAGIRI (NORTH SIDE),71,ST.MARRIES L P S MANGALAGIRI - 100
1,Kerala,ALATHUR - 60,ALATHUR,Shiju ,ഷിജു ,M,40,DLV1154186,Raju,രാജു,100,ST.MARRIES L P S MANGALAGIRI (NORTH SIDE),72,ST.MARRIES L P S MANGALAGIRI - 100
1,Kerala,ALATHUR - 60,ALATHUR,Byju Raju ,ബൈജു രാജു ,M,35,DLV1780378,Raju,രാജു,100,ST.MARRIES L P S MANGALAGIRI (NORTH SIDE),73,ST.MARRIES L P S MANGALAGIRI - 100
1,Kerala,ALATHUR - 60,ALATHUR,Priya K N ,പ്രിയ കെ എന്‍ ,F,35,WJT0175596,Shiju,ഷിജു,100,ST.MARRIES L P S MANGALAGIRI (NORTH SIDE),74,ST.MARRIES L P S MANGALAGIRI - 100
1,Kerala,ALATHUR - 60,ALATHUR,Mereena Abraham ,മെറീന അബ്രാഹം ,F,32,WJT0195354,Nibu Mathew,നിബു മാത്യു,100,ST.MARRIES L P S MANGALAGIRI (NORTH SIDE),75,ST.MARRIES L P S MANGALAGIRI - 100
1,Kerala,ALATHUR - 60,ALATHUR,Saritha C ,സരിത സി ,F,27,WJT0213991,Byju Raju,ബൈജു രാജു,100,ST.MARRIES L P S MANGALAGIRI (NORTH SIDE),76,ST.MARRIES L P S MANGALAGIRI - 100
1,Kerala,ALATHUR - 60,ALATHUR,Kuryan ,കുര്യന്‍ ,M,83,KL/07/053/327022,Agastti,അഗസ്റ്റി,100,ST.MARRIES L P S MANGALAGIRI (NORTH SIDE),77,ST.MARRIES L P S MANGALAGIRI - 100
1,Kerala,ALATHUR - 60,ALATHUR,Mathew A K ,മാത്യു എ കെ ,M,51,WJT0494963,Kurian A,കുര്യന്‍ എ,100,ST.MARRIES L P S MANGALAGIRI (NORTH SIDE),78,ST.MARRIES L P S MANGALAGIRI - 100
1,Kerala,ALATHUR - 60,ALATHUR,Jaymon ,ജയ്മോന്‍ ,M,47,KL/07/053/327679,Kuryan,കുര്യന്‍,100,ST.MARRIES L P S MANGALAGIRI (NORTH SIDE),79,ST.MARRIES L P S MANGALAGIRI - 100
1,Kerala,ALATHUR - 60,ALATHUR,Sheeba ,ഷീബ ,F,47,DLV1729359,Mathu,മാത്യു,100,ST.MARRIES L P S MANGALAGIRI (NORTH SIDE),80,ST.MARRIES L P S MANGALAGIRI - 100
1,Kerala,ALATHUR - 60,ALATHUR,JOMON A K  ,ജോമോന്‍ എ കെ ,M,46,WJT2339067,Kuryan,കുര്യന്‍,100,ST.MARRIES L P S MANGALAGIRI (NORTH SIDE),81,ST.MARRIES L P S MANGALAGIRI - 100
1,Kerala,ALATHUR - 60,ALATHUR,Shaimijomon ,ഷൈമിജോമോന്‍ ,M,44,DLV1729342,Jomon,ജോമോന്‍,100,ST.MARRIES L P S MANGALAGIRI (NORTH SIDE),82,ST.MARRIES L P S MANGALAGIRI - 100
1,Kerala,ALATHUR - 60,ALATHUR,Bindu ,ബിന്ദു ,F,44,DLV1205053,Jayamon,ജയമോന്‍,100,ST.MARRIES L P S MANGALAGIRI (NORTH SIDE),83,ST.MARRIES L P S MANGALAGIRI - 100
1,Kerala,ALATHUR - 60,ALATHUR,Rosamma J A ,റോസമ്മ ജെ എ ,F,40,DLV1561711,Biju A K,ബിജു ഏ കെ,100,ST.MARRIES L P S MANGALAGIRI (NORTH SIDE),84,ST.MARRIES L P S MANGALAGIRI - 100
1,Kerala,ALATHUR - 60,ALATHUR,Biju ,ബിജു ,M,39,DLV1481191,Kuryan,കുര്യന്‍,100,ST.MARRIES L P S MANGALAGIRI (NORTH SIDE),85,ST.MARRIES L P S MANGALAGIRI - 100
1,Kerala,ALATHUR - 60,ALATHUR,Jins Mathew ,ജിന്‍സ് മാത്യു ,M,23,WJT0551382,A K Mathew,എ കെ മാത്യു,100,ST.MARRIES L P S MANGALAGIRI (NORTH SIDE),86,ST.MARRIES L P S MANGALAGIRI - 100
1,Kerala,ALATHUR - 60,ALATHUR,Prince Mathew,പ്രിന്‍സ് മാത്യു,M,20,WJT2351914,mathew a k,മാത്യു എ കെ,100,ST.MARRIES L P S MANGALAGIRI (NORTH SIDE),87,ST.MARRIES L P S MANGALAGIRI - 100
1,Kerala,ALATHUR - 60,ALATHUR,Joyi ,ജോയി ,M,51,KL/07/053/327660,Mathyu,മാത്യു,100,ST.MARRIES L P S MANGALAGIRI (NORTH SIDE),88,ST.MARRIES L P S MANGALAGIRI - 100
1,Kerala,ALATHUR - 60,ALATHUR,Mini ,മിനി ,F,48,DLV1450311,Joy,ജോയ്,100,ST.MARRIES L P S MANGALAGIRI (NORTH SIDE),89,ST.MARRIES L P S MANGALAGIRI - 100
1,Kerala,ALATHUR - 60,ALATHUR,Jansi ,ജാന്‍സി ,F,45,DLV1610880,Joshi,ജോഷി,100,ST.MARRIES L P S MANGALAGIRI (NORTH SIDE),90,ST.MARRIES L P S MANGALAGIRI - 100
1,Kerala,ALATHUR - 60,ALATHUR,Jolly Mathew ,ജോളി മാത്യു ,M,43,WJT0532036,Mathew,മാത്യു,100,ST.MARRIES L P S MANGALAGIRI (NORTH SIDE),91,ST.MARRIES L P S MANGALAGIRI - 100
1,Kerala,ALATHUR - 60,ALATHUR,Benchamin ,ബെഞ്ചമിന്‍ ,M,39,KL/07/053/327598,Mathyu,മാത്യു,100,ST.MARRIES L P S MANGALAGIRI (NORTH SIDE),92,ST.MARRIES L P S MANGALAGIRI - 100
1,Kerala,ALATHUR - 60,ALATHUR,Ebin Joshy ,എബിന്‍ ജോഷി ,M,24,WJT0551283,Joshy Mathew,ജോഷി മാത്യു,100,ST.MARRIES L P S MANGALAGIRI (NORTH SIDE),93,ST.MARRIES L P S MANGALAGIRI - 100
1,Kerala,ALATHUR - 60,ALATHUR,Niji K J ,നിജി കെ ജെ ,F,23,WJT0564963,Joy,ജോയി,100,ST.MARRIES L P S MANGALAGIRI (NORTH SIDE),94,ST.MARRIES L P S MANGALAGIRI - 100
1,Kerala,ALATHUR - 60,ALATHUR,Thomas P T ,തോമസ് പി ടി ,M,54,WJT0416057,Ulahannan,ഉലഹന്നാന്‍,100,ST.MARRIES L P S MANGALAGIRI (NORTH SIDE),95,ST.MARRIES L P S MANGALAGIRI - 100
1,Kerala,ALATHUR - 60,ALATHUR,Mercy  ,മേഴ്സി ,F,53,WJT0416016,Thomas P T,തോമസ് പി ടി,100,ST.MARRIES L P S MANGALAGIRI (NORTH SIDE),96,ST.MARRIES L P S MANGALAGIRI - 100
1,Kerala,ALATHUR - 60,ALATHUR,Saiju Thomas ,സൈജു തോമസ് ,M,28,WJT0293985,Thomas P T,തോമസ് പി റ്റി,100,ST.MARRIES L P S MANGALAGIRI (NORTH SIDE),97,ST.MARRIES L P S MANGALAGIRI - 100
1,Kerala,ALATHUR - 60,ALATHUR,Sophy Thomas ,സോഫി തോമസ് ,F,24,WJT0569483,Thomas P T,തോമസ് പി ടി,100,ST.MARRIES L P S MANGALAGIRI (NORTH SIDE),98,ST.MARRIES L P S MANGALAGIRI - 100
1,Kerala,ALATHUR - 60,ALATHUR,Thresyamma ,ത്രേസ്യാമ്മ ,F,75,KL/07/053/327694,Joseph,ജോസഫ്,100,ST.MARRIES L P S MANGALAGIRI (NORTH SIDE),99,ST.MARRIES L P S MANGALAGIRI - 100
1,Kerala,ALATHUR - 60,ALATHUR,George ,ജോര്‍ജ്ജ് ,M,57,KL/07/053/327654,Joseph,ജോസഫ്,100,ST.MARRIES L P S MANGALAGIRI (NORTH SIDE),100,ST.MARRIES L P S MANGALAGIRI - 100
1,Kerala,ALATHUR - 60,ALATHUR,Lilli ,ലില്ലി ,F,50,KL/07/053/327308,George,ജോര്‍ജ്ജ്,100,ST.MARRIES L P S MANGALAGIRI (NORTH SIDE),101,ST.MARRIES L P S MANGALAGIRI - 100
1,Kerala,ALATHUR - 60,ALATHUR,Rithu George ,റിത്തു ജോര്‍ജ്ജ് ,F,26,WJT0355099,George Joseph,ജോര്‍ജ്ജ് ജോസഫ്,100,ST.MARRIES L P S MANGALAGIRI (NORTH SIDE),102,ST.MARRIES L P S MANGALAGIRI - 100
1,Kerala,ALATHUR - 60,ALATHUR,Richa George ,റിച്ച ജോര്‍ജ്ജ് ,F,25,WJT0355107,George Joseph,ജോര്‍ജ്ജ് ജോസഫ്,100,ST.MARRIES L P S MANGALAGIRI (NORTH SIDE),103,ST.MARRIES L P S MANGALAGIRI - 100
1,Kerala,ALATHUR - 60,ALATHUR,John ,ജോണ്‍ ,M,76,WJT0416156,Paily,പൈലി,100,ST.MARRIES L P S MANGALAGIRI (NORTH SIDE),104,ST.MARRIES L P S MANGALAGIRI - 100
1,Kerala,ALATHUR - 60,ALATHUR,Anni ,ആനി ,F,70,WJT0416131,John,ജോണ്‍,100,ST.MARRIES L P S MANGALAGIRI (NORTH SIDE),105,ST.MARRIES L P S MANGALAGIRI - 100
1,Kerala,ALATHUR - 60,ALATHUR,Pankajam ,പങ്കജം ,F,46,WJT0053363,Ravi,രവി,100,ST.MARRIES L P S MANGALAGIRI (NORTH SIDE),106,ST.MARRIES L P S MANGALAGIRI - 100
1,Kerala,ALATHUR - 60,ALATHUR,Krishnankutti ,കൃഷ്ണന്‍കുട്ടി ,M,38,DLV1599331,Ravi,രവി,100,ST.MARRIES L P S MANGALAGIRI (NORTH SIDE),107,ST.MARRIES L P S MANGALAGIRI - 100
1,Kerala,ALATHUR - 60,ALATHUR,Chackochan P I ,ചാക്കോച്ചന്‍ പി ഐ ,M,66,DLV1204189,Itteera,ഇട്ടീര,100,ST.MARRIES L P S MANGALAGIRI (NORTH SIDE),108,ST.MARRIES L P S MANGALAGIRI - 100
1,Kerala,ALATHUR - 60,ALATHUR,Thresyamma ,ത്രേസ്യാമ്മ ,F,58,DLV1450261,Chakkochan,ചക്കോച്ചന്‍,100,ST.MARRIES L P S MANGALAGIRI (NORTH SIDE),109,ST.MARRIES L P S MANGALAGIRI - 100
1,Kerala,ALATHUR - 60,ALATHUR,Beena ,ബീന ,F,56,DLV1450303,Kuryan,കുര്യന്‍,100,ST.MARRIES L P S MANGALAGIRI (NORTH SIDE),110,ST.MARRIES L P S MANGALAGIRI - 100
1,Kerala,ALATHUR - 60,ALATHUR,LISSY .,ലിസ്സി .,F,53,DLV1599828,Avarachan,അവറാച്ചന്‍,100,ST.MARRIES L P S MANGALAGIRI (NORTH SIDE),111,ST.MARRIES L P S MANGALAGIRI - 100
1,Kerala,ALATHUR - 60,ALATHUR,Binuchacko ,ബിനുചാക്കോ ,M,30,WJT0174631,Chacko,ചാക്കോ,100,ST.MARRIES L P S MANGALAGIRI (NORTH SIDE),112,ST.MARRIES L P S MANGALAGIRI - 100
1,Kerala,ALATHUR - 60,ALATHUR,Anto Abraham ,ആന്റോ അബ്രാഹാം ,M,25,WJT0355123,Abraham,അബ്രാഹാം,100,ST.MARRIES L P S MANGALAGIRI (NORTH SIDE),113,ST.MARRIES L P S MANGALAGIRI - 100
1,Kerala,ALATHUR - 60,ALATHUR,Litto Abraham ,ലിറ്റോ അബ്രാഹം ,M,23,WJT0551168,Abraham,അബ്രാഹം,100,ST.MARRIES L P S MANGALAGIRI (NORTH SIDE),114,ST.MARRIES L P S MANGALAGIRI - 100
1,Kerala,ALATHUR - 60,ALATHUR,K  K Kuryan ,കെ കെ കുര്യന്‍ ,M,59,DLV1278969,Kuryan,കുര്യന്‍,100,ST.MARRIES L P S MANGALAGIRI (NORTH SIDE),115,ST.MARRIES L P S MANGALAGIRI - 100
1,Kerala,ALATHUR - 60,ALATHUR,Gibu Kurian ,ജിബു കുര്യന്‍ ,M,26,WJT0290999,Kurian K K,കുര്യന്‍ കെ കെ,100,ST.MARRIES L P S MANGALAGIRI (NORTH SIDE),116,ST.MARRIES L P S MANGALAGIRI - 100
1,Kerala,ALATHUR - 60,ALATHUR,Thomas Kurian ,തോമസ് കുര്യന്‍ ,M,19,WJT2351922,Kurian,കുര്യന്‍,100,ST.MARRIES L P S MANGALAGIRI (NORTH SIDE),117,ST.MARRIES L P S MANGALAGIRI - 100
1,Kerala,ALATHUR - 60,ALATHUR,Annamma ,അന്നമ്മ ,F,75,KL/07/053/327584,Chacko,ചാക്കോ,100,ST.MARRIES L P S MANGALAGIRI (NORTH SIDE),118,ST.MARRIES L P S MANGALAGIRI - 100
1,Kerala,ALATHUR - 60,ALATHUR,Alaks ,അലക്സ് ,M,45,KL/07/053/327553,Chacko,ചാക്കോ,100,ST.MARRIES L P S MANGALAGIRI (NORTH SIDE),119,ST.MARRIES L P S MANGALAGIRI - 100
1,Kerala,ALATHUR - 60,ALATHUR,Suma Alex ,സുമ അലക്സ് ,F,45,DLV1730449,Alex,അലക്സ്,100,ST.MARRIES L P S MANGALAGIRI (NORTH SIDE),120,ST.MARRIES L P S MANGALAGIRI - 100
1,Kerala,ALATHUR - 60,ALATHUR,Mathyu ,മാത്യു ,M,63,KL/07/053/327132,Kuryan,കുര്യന്‍,100,ST.MARRIES L P S MANGALAGIRI (NORTH SIDE),121,ST.MARRIES L P S MANGALAGIRI - 100
1,Kerala,ALATHUR - 60,ALATHUR,Rosamma ,റോസമ്മ ,F,60,KL/07/053/327155,Mathyu,മാത്യു,100,ST.MARRIES L P S MANGALAGIRI (NORTH SIDE),122,ST.MARRIES L P S MANGALAGIRI - 100
1,Kerala,ALATHUR - 60,ALATHUR,Nibumathyu ,നിബുമാത്യു ,M,36,DLV1537687,Mathyu,മാത്യു,100,ST.MARRIES L P S MANGALAGIRI (NORTH SIDE),123,ST.MARRIES L P S MANGALAGIRI - 100
1,Kerala,ALATHUR - 60,ALATHUR,Thomas ,തോമസ് ,M,54,KL/07/053/327123,Sebasttyan,സെബാസ്റ്റ്യന്‍,100,ST.MARRIES L P S MANGALAGIRI (NORTH SIDE),124,ST.MARRIES L P S MANGALAGIRI - 100
1,Kerala,ALATHUR - 60,ALATHUR,Reji ,റെജി ,F,52,KL/07/053/327156,Thomas,തോമസ്,100,ST.MARRIES L P S MANGALAGIRI (NORTH SIDE),125,ST.MARRIES L P S MANGALAGIRI - 100
1,Kerala,ALATHUR - 60,ALATHUR,Rijo Thomas ,റിജോ തോമസ് ,M,31,DLV1822402,Thomas Sebastian,തോമസ് സെബാസ്റ്റ്യന്‍,100,ST.MARRIES L P S MANGALAGIRI (NORTH SIDE),126,ST.MARRIES L P S MANGALAGIRI - 100
1,Kerala,ALATHUR - 60,ALATHUR,Shilu Thomas ,ഷിലു തോമസ് ,F,27,WJT0227793,Thomas Sebastian,തോമസ് സെബാസ്റ്റ്യന്‍,100,ST.MARRIES L P S MANGALAGIRI (NORTH SIDE),127,ST.MARRIES L P S MANGALAGIRI - 100
1,Kerala,ALATHUR - 60,ALATHUR,Sebasttyan ,സെബാസ്റ്റ്യന്‍ ,M,60,KL/07/053/327536,Devasya,ദേവസ്യ,100,ST.MARRIES L P S MANGALAGIRI (NORTH SIDE),128,ST.MARRIES L P S MANGALAGIRI - 100
1,Kerala,ALATHUR - 60,ALATHUR,Ansi ,ആന്‍സി ,F,52,KL/07/053/327271,Sebasttyan,സെബാസ്റ്റ്യന്‍,100,ST.MARRIES L P S MANGALAGIRI (NORTH SIDE),129,ST.MARRIES L P S MANGALAGIRI - 100
1,Kerala,ALATHUR - 60,ALATHUR,Chacko A C ,ചാക്കോ എ സി ,M,70,WJT0414318,Chacko,ചാക്കോ,100,ST.MARRIES L P S MANGALAGIRI (NORTH SIDE),130,ST.MARRIES L P S MANGALAGIRI - 100
1,Kerala,ALATHUR - 60,ALATHUR,Merikkutty ,മേരിക്കുട്ടി ,F,65,WJT0414334,Chacko,ചാക്കോ,100,ST.MARRIES L P S MANGALAGIRI (NORTH SIDE),131,ST.MARRIES L P S MANGALAGIRI - 100
1,Kerala,ALATHUR - 60,ALATHUR,Shijo A C ,ഷിജൊ എ സി ,M,37,DLV1579747,Chakko A C,ചാക്കോ എ സി,100,ST.MARRIES L P S MANGALAGIRI (NORTH SIDE),132,ST.MARRIES L P S MANGALAGIRI - 100
1,Kerala,ALATHUR - 60,ALATHUR,Sindhu Peter ,സിന്ധു പീറ്റര്‍ ,F,36,LKR1986256,Shijo A C,ഷിജോ എ സി,100,ST.MARRIES L P S MANGALAGIRI (NORTH SIDE),133,ST.MARRIES L P S MANGALAGIRI - 100
1,Kerala,ALATHUR - 60,ALATHUR,Joseph ,ജോസഫ് ,M,63,KL/07/053/327689,Joseph,ജോസഫ്,100,ST.MARRIES L P S MANGALAGIRI (NORTH SIDE),134,ST.MARRIES L P S MANGALAGIRI - 100
1,Kerala,ALATHUR - 60,ALATHUR,Moli ,മോളി ,F,53,KL/07/053/327684,Joseph,ജോസഫ്,100,ST.MARRIES L P S MANGALAGIRI (NORTH SIDE),135,ST.MARRIES L P S MANGALAGIRI - 100
1,Kerala,ALATHUR - 60,ALATHUR,Sheno Joseph ,ഷനോ ജോസഫ് ,M,32,WJT0175125,Joseph,ജോസഫ്,100,ST.MARRIES L P S MANGALAGIRI (NORTH SIDE),136,ST.MARRIES L P S MANGALAGIRI - 100
1,Kerala,ALATHUR - 60,ALATHUR,Lilly Paulose ,ലില്ലി പൗലോസ് ,F,68,WJT0415562,Paulose,പൗലോസ്,100,ST.MARRIES L P S MANGALAGIRI (NORTH SIDE),137,ST.MARRIES L P S MANGALAGIRI - 100
1,Kerala,ALATHUR - 60,ALATHUR,Merikkutti ,മേരിക്കുട്ടി ,F,69,WJT0415844,Thomman,തൊമ്മന്‍,100,ST.MARRIES L P S MANGALAGIRI (NORTH SIDE),138,ST.MARRIES L P S MANGALAGIRI - 100
1,Kerala,ALATHUR - 60,ALATHUR,Thomas ,തോമസ് ,M,69,KL/07/053/327690,Thomman,തൊമ്മന്‍,100,ST.MARRIES L P S MANGALAGIRI (NORTH SIDE),139,ST.MARRIES L P S MANGALAGIRI - 100
1,Kerala,ALATHUR - 60,ALATHUR,Aleykutty  ,ഏലിക്കുട്ടി ,F,66,WJT0415836,Thomman,തൊമ്മന്‍,100,ST.MARRIES L P S MANGALAGIRI (NORTH SIDE),140,ST.MARRIES L P S MANGALAGIRI - 100
1,Kerala,ALATHUR - 60,ALATHUR,Mariyamma ,മറിയാമ്മ ,F,53,KL/07/053/327270,Thomas,തോമസ്,100,ST.MARRIES L P S MANGALAGIRI (NORTH SIDE),141,ST.MARRIES L P S MANGALAGIRI - 100
1,Kerala,ALATHUR - 60,ALATHUR,Jibin Thomas ,ജിബിന്‍ തോമസ് ,M,31,DLV1824143,Thomas P T,തോമസ് പി ടി,100,ST.MARRIES L P S MANGALAGIRI (NORTH SIDE),142,ST.MARRIES L P S MANGALAGIRI - 100
1,Kerala,ALATHUR - 60,ALATHUR,Jithin Thomas ,ജിതിന്‍ തോമസ് ,M,26,WJT0275446,Thomas P T,തോമസ്സ് പി ടി,100,ST.MARRIES L P S MANGALAGIRI (NORTH SIDE),143,ST.MARRIES L P S MANGALAGIRI - 100
1,Kerala,ALATHUR - 60,ALATHUR,Peethambaran ,പീതാംബരന്‍ ,M,72,KL/07/053/327505,Krishnan,കൃഷ്ണന്‍,100,ST.MARRIES L P S MANGALAGIRI (NORTH SIDE),144,ST.MARRIES L P S MANGALAGIRI - 100
1,Kerala,ALATHUR - 60,ALATHUR,Thankamma ,തങ്കമ്മ ,F,67,KL/07/053/327511,Peethambaran,പീതാംബരന്‍,100,ST.MARRIES L P S MANGALAGIRI (NORTH SIDE),145,ST.MARRIES L P S MANGALAGIRI - 100
1,Kerala,ALATHUR - 60,ALATHUR,Sunil ,സുനില്‍ ,M,47,KL/07/053/327138,Peethambaran,പീതാംബരന്‍,100,ST.MARRIES L P S MANGALAGIRI (NORTH SIDE),146,ST.MARRIES L P S MANGALAGIRI - 100
1,Kerala,ALATHUR - 60,ALATHUR,Jisha ,ജിഷ ,F,44,DLV1450279,Sunil,സുനില്‍,100,ST.MARRIES L P S MANGALAGIRI (NORTH SIDE),147,ST.MARRIES L P S MANGALAGIRI - 100
1,Kerala,ALATHUR - 60,ALATHUR,Nithya Sunil ,നിത്യ സുനില്‍ ,F,23,WJT0551135,Sunil,സുനില്‍,100,ST.MARRIES L P S MANGALAGIRI (NORTH SIDE),148,ST.MARRIES L P S MANGALAGIRI - 100
1,Kerala,ALATHUR - 60,ALATHUR,NIDHIN SUNIL ,നിധിന്‍ സുനില്‍ ,M,21,WJT2294064,SUNIL M P,സുനില്‍ എം പി,100,ST.MARRIES L P S MANGALAGIRI (NORTH SIDE),149,ST.MARRIES L P S MANGALAGIRI - 100
1,Kerala,ALATHUR - 60,ALATHUR,Sreeja ,ശ്രീജ ,F,41,DLV1605872,Saji,സജി,100,ST.MARRIES L P S MANGALAGIRI (NORTH SIDE),150,ST.MARRIES L P S MANGALAGIRI - 100
1,Kerala,ALATHUR - 60,ALATHUR,Mohanan ,മോഹനന്‍ ,M,59,KL/07/053/327566,Kunjappan,കുഞ്ഞപ്പന്‍,100,ST.MARRIES L P S MANGALAGIRI (NORTH SIDE),151,ST.MARRIES L P S MANGALAGIRI - 100
1,Kerala,ALATHUR - 60,ALATHUR,Rama ,രമ ,F,49,KL/07/053/327506,Mohanan,മോഹനന്‍,100,ST.MARRIES L P S MANGALAGIRI (NORTH SIDE),152,ST.MARRIES L P S MANGALAGIRI - 100
1,Kerala,ALATHUR - 60,ALATHUR,Tinumohan ,റ്റിനുമോഹന്‍ ,M,33,DLV1728765,Mohanan,മോഹനന്‍,100,ST.MARRIES L P S MANGALAGIRI (NORTH SIDE),153,ST.MARRIES L P S MANGALAGIRI - 100
0,,,,,,,,S0F0477034,,,,,154,
1,Kerala,ALATHUR - 60,ALATHUR,Anila Mohanan ,അനില മോഹനന്‍ ,F,25,WJT0390484,Mohanan,മോഹനന്‍,100,ST.MARRIES L P S MANGALAGIRI (NORTH SIDE),155,ST.MARRIES L P S MANGALAGIRI - 100
1,Kerala,ALATHUR - 60,ALATHUR,Narayanan K U ,നാരായണന്‍ കെ യു ,M,52,WJT0227199,Unni,ഉണ്ണി,100,ST.MARRIES L P S MANGALAGIRI (NORTH SIDE),156,ST.MARRIES L P S MANGALAGIRI - 100
1,Kerala,ALATHUR - 60,ALATHUR,Krishna Kumary T A ,കൃഷ്ണകുമാരി ടി എ ,F,43,LCY1557339,Narayanan,നാരായണന്‍,100,ST.MARRIES L P S MANGALAGIRI (NORTH SIDE),157,ST.MARRIES L P S MANGALAGIRI - 100
1,Kerala,ALATHUR - 60,ALATHUR,Devaki ,ദേവകി ,F,79,KL/07/053/327018,Narayanan,നാരായണന്‍,100,ST.MARRIES L P S MANGALAGIRI (NORTH SIDE),158,ST.MARRIES L P S MANGALAGIRI - 100
1,Kerala,ALATHUR - 60,ALATHUR,Ramani ,രമണി ,F,63,KL/07/053/327650,Narayanan,നാരായണന്‍,100,ST.MARRIES L P S MANGALAGIRI (NORTH SIDE),159,ST.MARRIES L P S MANGALAGIRI - 100
1,Kerala,ALATHUR - 60,ALATHUR,Leelamma ,ലീലാമ്മ ,F,53,KL/07/053/327649,Narayanan,നാരായണന്‍,100,ST.MARRIES L P S MANGALAGIRI (NORTH SIDE),160,ST.MARRIES L P S MANGALAGIRI - 100
1,Kerala,ALATHUR - 60,ALATHUR,SABU K N  ,സാബു കെ എന്‍ ,M,53,WJT2395143,Narayanan,നാരായണന്‍,100,ST.MARRIES L P S MANGALAGIRI (NORTH SIDE),161,ST.MARRIES L P S MANGALAGIRI - 100
1,Kerala,ALATHUR - 60,ALATHUR,Jomon ,ജോമോന്‍ ,M,45,KL/07/053/327233,Narayanan,നാരായണന്‍,100,ST.MARRIES L P S MANGALAGIRI (NORTH SIDE),162,ST.MARRIES L P S MANGALAGIRI - 100
1,Kerala,ALATHUR - 60,ALATHUR,Nimisha R ,നിമിഷ ആര്‍ ,F,37,BWG1637230,Jomon K N,ജോമോന്‍ കെ എന്‍,100,ST.MARRIES L P S MANGALAGIRI (NORTH SIDE),163,ST.MARRIES L P S MANGALAGIRI - 100
1,Kerala,ALATHUR - 60,ALATHUR,Sojo K S ,സോജോ കെ എസ് ,M,30,WJT0045468,Soman K N,സോമന്‍ കെ എന്‍,100,ST.MARRIES L P S MANGALAGIRI (NORTH SIDE),164,ST.MARRIES L P S MANGALAGIRI - 100
1,Kerala,ALATHUR - 60,ALATHUR,Thresyamma ,ത്രേസ്യാമ്മ ,F,68,KL/07/053/327379,Ebraham,എബ്രഹാം,100,ST.MARRIES L P S MANGALAGIRI (NORTH SIDE),165,ST.MARRIES L P S MANGALAGIRI - 100
1,Kerala,ALATHUR - 60,ALATHUR,Bijoy ,ബിജോയ് ,M,41,DLV1482454,Ebraham,എബ്രഹാം,100,ST.MARRIES L P S MANGALAGIRI (NORTH SIDE),166,ST.MARRIES L P S MANGALAGIRI - 100
1,Kerala,ALATHUR - 60,ALATHUR,Silacy ,സിലസി ,F,40,JLC1189331,Bijoy,ബിജോയ്,100,ST.MARRIES L P S MANGALAGIRI (NORTH SIDE),167,ST.MARRIES L P S MANGALAGIRI - 100
1,Kerala,ALATHUR - 60,ALATHUR,Marykutty Thomas ,മേരികുട്ടി തെമസ് ,F,38,DLV1764562,Thomas,തോമസ്,100,ST.MARRIES L P S MANGALAGIRI (NORTH SIDE),168,ST.MARRIES L P S MANGALAGIRI - 100
1,Kerala,ALATHUR - 60,ALATHUR,Karthyayani ,കാര്‍ത്ത്യായനി ,F,70,KL/07/053/327668,Joni,ജോണി,100,ST.MARRIES L P S MANGALAGIRI (NORTH SIDE),169,ST.MARRIES L P S MANGALAGIRI - 100
1,Kerala,ALATHUR - 60,ALATHUR,Ammini Bhaskaran ,അമ്മിണി ഭാസ്ക്കരന്‍ ,F,76,WJT0415943,Bhaskaran,ഭാസ്ക്കരന്‍,100,ST.MARRIES L P S MANGALAGIRI (NORTH SIDE),170,ST.MARRIES L P S MANGALAGIRI - 100
1,Kerala,ALATHUR - 60,ALATHUR,Suresh N B ,സുരേഷ് എന്‍ ബി ,M,48,WJT0415968,Bhaskaran,ഭാസ്ക്കരന്‍,100,ST.MARRIES L P S MANGALAGIRI (NORTH SIDE),171,ST.MARRIES L P S MANGALAGIRI - 100
1,Kerala,ALATHUR - 60,ALATHUR,Sandhya N ,സന്ധ്യ എന്‍ ,F,36,DLV1729748,Suresh N B,സുരേഷ് എന്‍ ബി,100,ST.MARRIES L P S MANGALAGIRI (NORTH SIDE),172,ST.MARRIES L P S MANGALAGIRI - 100
1,Kerala,ALATHUR - 60,ALATHUR,Janamma ,ജാനമ്മ ,F,74,KL/07/053/327093,Gopalan,ഗോപാലന്‍,100,ST.MARRIES L P S MANGALAGIRI (NORTH SIDE),173,ST.MARRIES L P S MANGALAGIRI - 100
1,Kerala,ALATHUR - 60,ALATHUR,Sasikumar ,ശശികുമാര്‍ ,M,55,KL/07/053/327257,Gopalan,ഗോപാലന്‍,100,ST.MARRIES L P S MANGALAGIRI (NORTH SIDE),174,ST.MARRIES L P S MANGALAGIRI - 100
1,Kerala,ALATHUR - 60,ALATHUR,Jayandi ,ജയന്തി ,F,44,DLV1254051,Sasikumar,ശശികുമാര്‍,100,ST.MARRIES L P S MANGALAGIRI (NORTH SIDE),175,ST.MARRIES L P S MANGALAGIRI - 100
1,Kerala,ALATHUR - 60,ALATHUR,C.Ji.Sunilkumar ,സി.ജി.സുനില്‍കുമാര്‍ ,M,40,DLV1326404,C.En.Gopalan,സി.എന്‍.ഗോപാലന്‍,100,ST.MARRIES L P S MANGALAGIRI (NORTH SIDE),176,ST.MARRIES L P S MANGALAGIRI - 100
1,Kerala,ALATHUR - 60,ALATHUR,Subeeshkumar ,സുബീഷ്​​കുമാര്‍ ,M,36,DLV1780717,Gopalan,ഗോപാലന്‍,100,ST.MARRIES L P S MANGALAGIRI (NORTH SIDE),177,ST.MARRIES L P S MANGALAGIRI - 100
1,Kerala,ALATHUR - 60,ALATHUR,Abijith S Kumar ,അഭിജിത്ത് എസ് കുമാര്‍ ,M,26,WJT0275461,Sasikumar C G,ശശികുമാര്‍ സി ജി,100,ST.MARRIES L P S MANGALAGIRI (NORTH SIDE),178,ST.MARRIES L P S MANGALAGIRI - 100
1,Kerala,ALATHUR - 60,ALATHUR,Arunjith S Kumar ,അരുണ്‍ജിത്ത് എസ് കുമാര്‍ ,M,22,WJT0613083,Sasikumar,ശശികുമാര്‍,100,ST.MARRIES L P S MANGALAGIRI (NORTH SIDE),179,ST.MARRIES L P S MANGALAGIRI - 100
1,Kerala,ALATHUR - 60,ALATHUR,Sulekha ,സുലേഖ ,F,65,WJT0415281,Rajan,രാജന്‍,100,ST.MARRIES L P S MANGALAGIRI (NORTH SIDE),180,ST.MARRIES L P S MANGALAGIRI - 100
1,Kerala,ALATHUR - 60,ALATHUR,Bijumon ,ബിജുമോന്‍ ,M,43,KL/07/053/327170,Rajan,രാജന്‍,100,ST.MARRIES L P S MANGALAGIRI (NORTH SIDE),181,ST.MARRIES L P S MANGALAGIRI - 100
1,Kerala,ALATHUR - 60,ALATHUR,Vinodmon R ,വിനോദ്മോന്‍ ആര്‍ ,M,43,DLV1200047,Sulekha,സുലേഖ,100,ST.MARRIES L P S MANGALAGIRI (NORTH SIDE),182,ST.MARRIES L P S MANGALAGIRI - 100
1,Kerala,ALATHUR - 60,ALATHUR,Ajimon ,അജിമോന്‍ ,M,37,DLV1200054,Sulekha,സുലേഖ,100,ST.MARRIES L P S MANGALAGIRI (NORTH SIDE),183,ST.MARRIES L P S MANGALAGIRI - 100
1,Kerala,ALATHUR - 60,ALATHUR,Lathika Lakshmanan ,ലതിക ലക്ഷ്മണന്‍ ,F,34,JLC1690254,Biju,ബിജു,100,ST.MARRIES L P S MANGALAGIRI (NORTH SIDE),184,ST.MARRIES L P S MANGALAGIRI - 100
1,Kerala,ALATHUR - 60,ALATHUR,Paulos ,പൌലോസ് ,M,55,KL/07/053/327050,Mathai,മത്തായി,100,ST.MARRIES L P S MANGALAGIRI (NORTH SIDE),185,ST.MARRIES L P S MANGALAGIRI - 100
1,Kerala,ALATHUR - 60,ALATHUR,Moli ,മോളി ,F,47,KL/07/053/327168,Paulos,പൌലോസ്,100,ST.MARRIES L P S MANGALAGIRI (NORTH SIDE),186,ST.MARRIES L P S MANGALAGIRI - 100
1,Kerala,ALATHUR - 60,ALATHUR,Bijil C Poulose ,ബിജില്‍ സി പൌലോസ് ,M,33,DLV1808336,Poulose,പൌലോസ്,100,ST.MARRIES L P S MANGALAGIRI (NORTH SIDE),187,ST.MARRIES L P S MANGALAGIRI - 100
1,Kerala,ALATHUR - 60,ALATHUR,Sarojini ,സരോജിനി ,F,78,WJT0415869,Vasudevan,വാസുദേവന്‍,100,ST.MARRIES L P S MANGALAGIRI (NORTH SIDE),188,ST.MARRIES L P S MANGALAGIRI - 100
1,Kerala,ALATHUR - 60,ALATHUR,Sreekanthan V V ,ശ്രീകാന്തന്‍ വി വി ,M,58,WJT0415885,Vasudevan,വാസുദേവന്‍,100,ST.MARRIES L P S MANGALAGIRI (NORTH SIDE),189,ST.MARRIES L P S MANGALAGIRI - 100
1,Kerala,ALATHUR - 60,ALATHUR,Sheela P K ,ഷീല പി കെ ,F,54,WJT0415893,Sreekanthan V V,ശ്രീകാന്തന്‍ വി വി,100,ST.MARRIES L P S MANGALAGIRI (NORTH SIDE),190,ST.MARRIES L P S MANGALAGIRI - 100
1,Kerala,ALATHUR - 60,ALATHUR,Sreejith V S ,ശ്രീജിത് വി എസ് ,M,24,WJT0408609,Sreekanthan V V,ശ്രീകാന്തന്‍ വി വി,100,ST.MARRIES L P S MANGALAGIRI (NORTH SIDE),191,ST.MARRIES L P S MANGALAGIRI - 100
1,Kerala,ALATHUR - 60,ALATHUR,Soman ,സോമന്‍ ,M,58,WJT0459438,Narayanan,നാരായണന്‍,100,ST.MARRIES L P S MANGALAGIRI (NORTH SIDE),192,ST.MARRIES L P S MANGALAGIRI - 100
1,Kerala,ALATHUR - 60,ALATHUR,Alaks ,അലക്സ് ,M,50,KL/07/053/327355,Joseph,ജോസഫ്,100,ST.MARRIES L P S MANGALAGIRI (NORTH SIDE),193,ST.MARRIES L P S MANGALAGIRI - 100
1,Kerala,ALATHUR - 60,ALATHUR,Sam ,സാം ,M,49,KL/07/053/327353,Joseph,ജോസഫ്,100,ST.MARRIES L P S MANGALAGIRI (NORTH SIDE),194,ST.MARRIES L P S MANGALAGIRI - 100
1,Kerala,ALATHUR - 60,ALATHUR,Sheena  ,ഷീന  ,F,46,WJT0109405,Alex,അലക്സ്,100,ST.MARRIES L P S MANGALAGIRI (NORTH SIDE),195,ST.MARRIES L P S MANGALAGIRI - 100
1,Kerala,ALATHUR - 60,ALATHUR,Kunjumol ,കുഞ്ഞുമോള്‍ ,F,44,WJT0111930,Samjoseph,സാംജോസഫ്,100,ST.MARRIES L P S MANGALAGIRI (NORTH SIDE),196,ST.MARRIES L P S MANGALAGIRI - 100
1,Kerala,ALATHUR - 60,ALATHUR,Benni ,ബെന്നി ,M,44,KL/07/053/327680,Joseph,ജോസഫ്,100,ST.MARRIES L P S MANGALAGIRI (NORTH SIDE),197,ST.MARRIES L P S MANGALAGIRI - 100
1,Kerala,ALATHUR - 60,ALATHUR,Victoria Peter ,വിക്ടോറിയ പീറ്റര്‍ ,F,39,DLV1199959,Benny Joseph,ബെന്നി ജോസഫ്,100,ST.MARRIES L P S MANGALAGIRI (NORTH SIDE),198,ST.MARRIES L P S MANGALAGIRI - 100
1,Kerala,ALATHUR - 60,ALATHUR,Joyamma ,ജോയമ്മ ,F,44,WJT0113415,Antony,ആന്റണി,100,ST.MARRIES L P S MANGALAGIRI (NORTH SIDE),199,ST.MARRIES L P S MANGALAGIRI - 100
1,Kerala,ALATHUR - 60,ALATHUR,Joseph ,ജോസഫ് ,M,65,KL/07/053/327622,Filipp,ഫിലിപ്പ്,100,ST.MARRIES L P S MANGALAGIRI (NORTH SIDE),200,ST.MARRIES L P S MANGALAGIRI - 100
1,Kerala,ALATHUR - 60,ALATHUR,Valsamma ,വത്സമ്മ ,F,63,KL/07/053/327594,Joseph,ജോസഫ്,100,ST.MARRIES L P S MANGALAGIRI (NORTH SIDE),201,ST.MARRIES L P S MANGALAGIRI - 100
1,Kerala,ALATHUR - 60,ALATHUR,Santhamma ,ശാന്തമ്മ ,F,75,DLV1519875,Raghavan,രാഘവന്‍,100,ST.MARRIES L P S MANGALAGIRI (NORTH SIDE),202,ST.MARRIES L P S MANGALAGIRI - 100
1,Kerala,ALATHUR - 60,ALATHUR,Domi ,ടോമി ,M,53,KL/07/053/327131,Cheriyan,ചെറിയാന്‍,100,ST.MARRIES L P S MANGALAGIRI (NORTH SIDE),203,ST.MARRIES L P S MANGALAGIRI - 100
1,Kerala,ALATHUR - 60,ALATHUR,Satheeshkumar ,സതീഷ്​​കുമാര്‍ ,M,50,DLV1201300,Thankappan,തങ്കപ്പന്‍,100,ST.MARRIES L P S MANGALAGIRI (NORTH SIDE),204,ST.MARRIES L P S MANGALAGIRI - 100
1,Kerala,ALATHUR - 60,ALATHUR,Shari ,ഷാന്റി ,F,49,KL/07/053/327154,Domi,ടോമി,100,ST.MARRIES L P S MANGALAGIRI (NORTH SIDE),205,ST.MARRIES L P S MANGALAGIRI - 100
1,Kerala,ALATHUR - 60,ALATHUR,Bindu Sathees ,ബിന്ദു സതീശ് ,F,43,DLV1201375,Sathees,സതീശ്,100,ST.MARRIES L P S MANGALAGIRI (NORTH SIDE),206,ST.MARRIES L P S MANGALAGIRI - 100
1,Kerala,ALATHUR - 60,ALATHUR,Unnimaya ,ഉണ്ണിമായ ,F,25,WJT0433557,Satheeshkumar,സതീഷ്കുമാര്‍,100,ST.MARRIES L P S MANGALAGIRI (NORTH SIDE),207,ST.MARRIES L P S MANGALAGIRI - 100
1,Kerala,ALATHUR - 60,ALATHUR,Akhil Tom ,അഖില്‍ ടോം ,M,22,WJT0590471,Tomy Cheriyan,ടോമി ചെറിയാന്‍,100,ST.MARRIES L P S MANGALAGIRI (NORTH SIDE),208,ST.MARRIES L P S MANGALAGIRI - 100
1,Kerala,ALATHUR - 60,ALATHUR,ALPHONSA TOM,അല്‍ഫോന്‍സ ടോം,F,21,WJT2357390,TOMY CHERIYAN,ടോമി ചെറിയാന്‍,100,ST.MARRIES L P S MANGALAGIRI (NORTH SIDE),209,ST.MARRIES L P S MANGALAGIRI - 100
1,Kerala,ALATHUR - 60,ALATHUR,Ealikkutti ,ഏലിക്കുട്ടി ,F,72,WJT0464958,Joseph,ജോസഫ്,100,ST.MARRIES L P S MANGALAGIRI (NORTH SIDE),210,ST.MARRIES L P S MANGALAGIRI - 100
1,Kerala,ALATHUR - 60,ALATHUR,Shaji ,ഷാജി ,M,50,WJT0464974,Joseph,ജോസഫ്,100,ST.MARRIES L P S MANGALAGIRI (NORTH SIDE),211,ST.MARRIES L P S MANGALAGIRI - 100
1,Kerala,ALATHUR - 60,ALATHUR,Beenashaji ,ബീനാഷാജി ,F,42,DLV1295971,Shaji,ഷാജി,100,ST.MARRIES L P S MANGALAGIRI (NORTH SIDE),212,ST.MARRIES L P S MANGALAGIRI - 100
1,Kerala,ALATHUR - 60,ALATHUR,SHILPA SHAJI ,ശില്‍പ ഷാജി ,F,21,WJT2300341,SHAJI,ഷാജി,100,ST.MARRIES L P S MANGALAGIRI (NORTH SIDE),213,ST.MARRIES L P S MANGALAGIRI - 100
1,Kerala,ALATHUR - 60,ALATHUR,Meri ,മേരി ,F,76,WJT0464941,Joseph,ജോസഫ്,100,ST.MARRIES L P S MANGALAGIRI (NORTH SIDE),214,ST.MARRIES L P S MANGALAGIRI - 100
1,Kerala,ALATHUR - 60,ALATHUR,Jos ,ജോസ് ,M,47,KL/12/094/075444,Joseph,ജോസഫ്,100,ST.MARRIES L P S MANGALAGIRI (NORTH SIDE),215,ST.MARRIES L P S MANGALAGIRI - 100
1,Kerala,ALATHUR - 60,ALATHUR,Shaini ,ഷൈനി ,F,46,KL/12/087/411343,Jos,ജോസ്,100,ST.MARRIES L P S MANGALAGIRI (NORTH SIDE),216,ST.MARRIES L P S MANGALAGIRI - 100
1,Kerala,ALATHUR - 60,ALATHUR,Karunakarapilla ,കരുണാകരപിള്ള ,M,66,KL/07/053/327550,Gopalapilla,ഗോപാലപിള്ള,100,ST.MARRIES L P S MANGALAGIRI (NORTH SIDE),217,ST.MARRIES L P S MANGALAGIRI - 100
1,Kerala,ALATHUR - 60,ALATHUR,Vijayamma ,വിജയമ്മ ,F,62,KL/07/053/327266,Karunakarapilla,കരുണാകരപിള്ള,100,ST.MARRIES L P S MANGALAGIRI (NORTH SIDE),218,ST.MARRIES L P S MANGALAGIRI - 100
1,Kerala,ALATHUR - 60,ALATHUR,Joseph Thomas ,ജോസഫ് തോമസ് ,M,51,WJT0348052,Thomas,തോമസ്,100,ST.MARRIES L P S MANGALAGIRI (NORTH SIDE),219,ST.MARRIES L P S MANGALAGIRI - 100
1,Kerala,ALATHUR - 60,ALATHUR,Reni ,റെനി ,F,43,KL/07/053/327434,Joseph,ജോസഫ്,100,ST.MARRIES L P S MANGALAGIRI (NORTH SIDE),220,ST.MARRIES L P S MANGALAGIRI - 100
1,Kerala,ALATHUR - 60,ALATHUR,Thomas Joseph ,തോമസ് ജോസഫ് ,M,23,WJT0551044,Joseph Thomas,ജോസഫ് തോമസ്,100,ST.MARRIES L P S MANGALAGIRI (NORTH SIDE),221,ST.MARRIES L P S MANGALAGIRI - 100
1,Kerala,ALATHUR - 60,ALATHUR,Dharaneendran ,ധരണീന്ദ്രന്‍ ,M,67,KL/07/053/327515,Bhaskkarapilla,ഭാസ്ക്കരപിള്ള,100,ST.MARRIES L P S MANGALAGIRI (NORTH SIDE),222,ST.MARRIES L P S MANGALAGIRI - 100
1,Kerala,ALATHUR - 60,ALATHUR,Sathi ,സതി ,F,59,KL/07/053/327513,Dharaneendran,ധരണീന്ദ്രന്‍,100,ST.MARRIES L P S MANGALAGIRI (NORTH SIDE),223,ST.MARRIES L P S MANGALAGIRI - 100
1,Kerala,ALATHUR - 60,ALATHUR,Deepak D ,ദീപക് ഡി ,M,32,WJT0045351,Dharaneendran,ധരണീന്ദ്രന്‍,100,ST.MARRIES L P S MANGALAGIRI (NORTH SIDE),224,ST.MARRIES L P S MANGALAGIRI - 100
1,Kerala,ALATHUR - 60,ALATHUR,Bebi ,ബേബി ,M,67,KL/07/053/327657,Chacko,ചാക്കോ,100,ST.MARRIES L P S MANGALAGIRI (NORTH SIDE),225,ST.MARRIES L P S MANGALAGIRI - 100
1,Kerala,ALATHUR - 60,ALATHUR,Agnas Baby ,ആഗ്നസ് ബേബി ,F,65,WJT0195016,Beby,ബേബി,100,ST.MARRIES L P S MANGALAGIRI (NORTH SIDE),226,ST.MARRIES L P S MANGALAGIRI - 100
1,Kerala,ALATHUR - 60,ALATHUR,Mani P U ,മാണി പി യു ,M,53,WJT0209296,Ulahannan,ഉലഹന്നാന്‍,100,ST.MARRIES L P S MANGALAGIRI (NORTH SIDE),227,ST.MARRIES L P S MANGALAGIRI - 100
1,Kerala,ALATHUR - 60,ALATHUR,Jiji Thomas ,ജിജി തോമസ് ,F,48,DLV1214550,Mani P U,മാണി പി യു,100,ST.MARRIES L P S MANGALAGIRI (NORTH SIDE),228,ST.MARRIES L P S MANGALAGIRI - 100
1,Kerala,ALATHUR - 60,ALATHUR,Toniyabebi ,ടോണിയബേബി ,F,40,DLV1202340,Bebi Chacko,ബേബി ചാക്കോ,100,ST.MARRIES L P S MANGALAGIRI (NORTH SIDE),229,ST.MARRIES L P S MANGALAGIRI - 100
1,Kerala,ALATHUR - 60,ALATHUR,Dobin Bebi ,ടോബിന്‍ ബേബി ,M,35,DLV1646918,Bebi Chacko,ബേബി ചാക്കോ,100,ST.MARRIES L P S MANGALAGIRI (NORTH SIDE),230,ST.MARRIES L P S MANGALAGIRI - 100
1,Kerala,ALATHUR - 60,ALATHUR,Ashna Mariya Benny ,ആഷ്ന മരിയ ബെന്നി ,F,24,WJT0530402,Benny P U,ബെന്നി പി യു,100,ST.MARRIES L P S MANGALAGIRI (NORTH SIDE),231,ST.MARRIES L P S MANGALAGIRI - 100
1,Kerala,ALATHUR - 60,ALATHUR,Christo Benny  ,ക്രിസ്റ്റോ ബെന്നി ,M,22,WJT0590489,Benny P U,ബെന്നി പി യു,100,ST.MARRIES L P S MANGALAGIRI (NORTH SIDE),232,ST.MARRIES L P S MANGALAGIRI - 100
1,Kerala,ALATHUR - 60,ALATHUR,Prabhakaran P K ,പ്രഭാകരന്‍ പി കെ ,M,61,WJT0415935,Kutti,കുട്ടി,100,ST.MARRIES L P S MANGALAGIRI (NORTH SIDE),233,ST.MARRIES L P S MANGALAGIRI - 100
1,Kerala,ALATHUR - 60,ALATHUR,Geetha Prabhakaran ,ഗീത പ്രഭാകരന്‍ ,F,55,WJT0415919,Prabhakaran P K,പ്രഭാകരന്‍ പി കെ,100,ST.MARRIES L P S MANGALAGIRI (NORTH SIDE),234,ST.MARRIES L P S MANGALAGIRI - 100
1,Kerala,ALATHUR - 60,ALATHUR,Prabin Prabhakaran ,പ്രബിന്‍ പ്രഭാകരന്‍ ,M,31,DLV1822642,Prabhakaran,പ്രഭാകരന്‍,100,ST.MARRIES L P S MANGALAGIRI (NORTH SIDE),235,ST.MARRIES L P S MANGALAGIRI - 100
1,Kerala,ALATHUR - 60,ALATHUR,Praveena Prabhakaran ,പ്രവീണ പ്രഭാകരന്‍ ,F,27,WJT0256768,Prabhakaran P K,പ്രഭാകരന്‍ പി കെ,100,ST.MARRIES L P S MANGALAGIRI (NORTH SIDE),236,ST.MARRIES L P S MANGALAGIRI - 100
1,Kerala,ALATHUR - 60,ALATHUR,Rajamma ,രാജമ്മ ,F,75,WJT0339267,Thankappan,തങ്കപ്പന്‍,100,ST.MARRIES L P S MANGALAGIRI (NORTH SIDE),237,ST.MARRIES L P S MANGALAGIRI - 100
1,Kerala,ALATHUR - 60,ALATHUR,Devasya ,ദേവസ്യ ,M,62,KL/07/053/327293,Joseph,ജോസഫ്,100,ST.MARRIES L P S MANGALAGIRI (NORTH SIDE),238,ST.MARRIES L P S MANGALAGIRI - 100
1,Kerala,ALATHUR - 60,ALATHUR,George ,ജോര്‍ജ് ,M,61,KL/07/053/327135,Joseph,ജോസഫ്,100,ST.MARRIES L P S MANGALAGIRI (NORTH SIDE),239,ST.MARRIES L P S MANGALAGIRI - 100
1,Kerala,ALATHUR - 60,ALATHUR,Leela ,ലീല ,F,55,KL/07/053/327501,George,ജോര്‍ജ്,100,ST.MARRIES L P S MANGALAGIRI (NORTH SIDE),240,ST.MARRIES L P S MANGALAGIRI - 100
1,Kerala,ALATHUR - 60,ALATHUR,Filomina ,ഫിലോമിന ,F,55,KL/07/053/327275,Joyi,ദേവസ്യ,100,ST.MARRIES L P S MANGALAGIRI (NORTH SIDE),241,ST.MARRIES L P S MANGALAGIRI - 100
1,Kerala,ALATHUR - 60,ALATHUR,George Xavior ,ജോര്‍ജ് സേവ്യര്‍ ,M,54,DLV1730134,Xavior,സേവ്യര്‍,100,ST.MARRIES L P S MANGALAGIRI (NORTH SIDE),242,ST.MARRIES L P S MANGALAGIRI - 100
1,Kerala,ALATHUR - 60,ALATHUR,Alice George ,ആലീസ് ജോര്‍ജ് ,F,53,DLV1730126,George,ജോര്‍ജ്,100,ST.MARRIES L P S MANGALAGIRI (NORTH SIDE),243,ST.MARRIES L P S MANGALAGIRI - 100
1,Kerala,ALATHUR - 60,ALATHUR,Royi ,റോയി ,M,52,KL/07/053/327408,Joseph,ജോസഫ്,100,ST.MARRIES L P S MANGALAGIRI (NORTH SIDE),244,ST.MARRIES L P S MANGALAGIRI - 100
1,Kerala,ALATHUR - 60,ALATHUR,Rani ,റാണി ,F,49,KL/07/053/327393,Royi,റോയി,100,ST.MARRIES L P S MANGALAGIRI (NORTH SIDE),245,ST.MARRIES L P S MANGALAGIRI - 100
1,Kerala,ALATHUR - 60,ALATHUR,Lijo George ,ലിജോ ജോര്‍ജ് ,M,35,DLV1823038,George A J,ജോര്‍ജ് എ ജെ,100,ST.MARRIES L P S MANGALAGIRI (NORTH SIDE),246,ST.MARRIES L P S MANGALAGIRI - 100
1,Kerala,ALATHUR - 60,ALATHUR,Rintu Roy ,റിന്റു റോയ് ,M,28,WJT0307595,Roy Joseph,റോയ് ജോസഫ്,100,ST.MARRIES L P S MANGALAGIRI (NORTH SIDE),247,ST.MARRIES L P S MANGALAGIRI - 100
1,Kerala,ALATHUR - 60,ALATHUR,Joyal Sebastian ,ജോയല്‍ സെബാസ്റ്റ്യന്‍ ,M,27,WJT0227769,Sebastian A J,സെബാസ്റ്റ്യന്‍ എ ജെ,100,ST.MARRIES L P S MANGALAGIRI (NORTH SIDE),248,ST.MARRIES L P S MANGALAGIRI - 100
1,Kerala,ALATHUR - 60,ALATHUR,Ritty Roy ,റിറ്റി റോയ് ,F,25,WJT0390450,Roy,റോയി,100,ST.MARRIES L P S MANGALAGIRI (NORTH SIDE),249,ST.MARRIES L P S MANGALAGIRI - 100
1,Kerala,ALATHUR - 60,ALATHUR,Libin George ,ലിബിന്‍ ജോര്‍ജ്ജ് ,M,25,WJT0341388,George A J,ജോര്‍ജ്ജ് എ ജെ,100,ST.MARRIES L P S MANGALAGIRI (NORTH SIDE),250,ST.MARRIES L P S MANGALAGIRI - 100
1,Kerala,ALATHUR - 60,ALATHUR,SAJI  GEROGE ,സജി  ജോര്‍ജ് ,M,24,WJT2322535,GEROGE  XAVIOR,ജോര്‍ജ് സേവൃർ,100,ST.MARRIES L P S MANGALAGIRI (NORTH SIDE),251,ST.MARRIES L P S MANGALAGIRI - 100
1,Kerala,ALATHUR - 60,ALATHUR,Rinta Roy ,റിന്റ റോയ് ,F,23,WJT0608075,Roy Joseph,റോയ് ജോസഫ്,100,ST.MARRIES L P S MANGALAGIRI (NORTH SIDE),252,ST.MARRIES L P S MANGALAGIRI - 100
1,Kerala,ALATHUR - 60,ALATHUR,Vasu A K ,വാസു എ കെ ,M,61,WJT0584896,Kunjarakkan,കുഞ്ഞറക്കന്‍,100,ST.MARRIES L P S MANGALAGIRI (NORTH SIDE),253,ST.MARRIES L P S MANGALAGIRI - 100
1,Kerala,ALATHUR - 60,ALATHUR,Mathew Francis ,മാത്യു ഫ്രാന്‍സിസ് ,M,61,WJT0415299,Francis,ഫ്രാന്‍സീസ്,100,ST.MARRIES L P S MANGALAGIRI (NORTH SIDE),254,ST.MARRIES L P S MANGALAGIRI - 100
1,Kerala,ALATHUR - 60,ALATHUR,Devi C ,ദേവി സി ,F,60,WJT0582635,Vasu A K,വാസു എ കെ,100,ST.MARRIES L P S MANGALAGIRI (NORTH SIDE),255,ST.MARRIES L P S MANGALAGIRI - 100
1,Kerala,ALATHUR - 60,ALATHUR,Anitha Mathew ,അനിത മാത്യു ,F,52,WJT0415307,Mathew,മാത്യു,100,ST.MARRIES L P S MANGALAGIRI (NORTH SIDE),256,ST.MARRIES L P S MANGALAGIRI - 100
1,Kerala,ALATHUR - 60,ALATHUR,Mini ,മിനി ,F,50,DLV1195387,Mathew,മാത്യു,100,ST.MARRIES L P S MANGALAGIRI (NORTH SIDE),257,ST.MARRIES L P S MANGALAGIRI - 100
1,Kerala,ALATHUR - 60,ALATHUR,Tibin Mon.A.V ,ടിബിന്‍ മോന്‍ എ വി ,M,36,DLV1646876,Vasu A. K,വാസു എ കെ,100,ST.MARRIES L P S MANGALAGIRI (NORTH SIDE),258,ST.MARRIES L P S MANGALAGIRI - 100
1,Kerala,ALATHUR - 60,ALATHUR,Ajit Mathew  ,അജിററ് മാത്യു ,M,29,WJT0110478,Mathew,മാത്യു,100,ST.MARRIES L P S MANGALAGIRI (NORTH SIDE),259,ST.MARRIES L P S MANGALAGIRI - 100
1,Kerala,ALATHUR - 60,ALATHUR,Sruthy S ,ശ്രുതി എസ് ,F,26,ZLD0247460,Tibin Mon A V,ടിബിന്‍ മോന്‍ എ വി,100,ST.MARRIES L P S MANGALAGIRI (NORTH SIDE),260,ST.MARRIES L P S MANGALAGIRI - 100
1,Kerala,ALATHUR - 60,ALATHUR,Minnu Mathew ,മിന്നു മാത്യു ,F,25,WJT0551366,Mini Joseph,മിനി ജോസഫ്,100,ST.MARRIES L P S MANGALAGIRI (NORTH SIDE),261,ST.MARRIES L P S MANGALAGIRI - 100
1,Kerala,ALATHUR - 60,ALATHUR,Jinu Mathew ,ജിനു മാത്യു ,F,23,WJT0551036,Mini,മിനി,100,ST.MARRIES L P S MANGALAGIRI (NORTH SIDE),262,ST.MARRIES L P S MANGALAGIRI - 100
1,Kerala,ALATHUR - 60,ALATHUR,Thankamma ,തങ്കമ്മ ,F,89,WJT0464891,Mathai,മത്തായി,100,ST.MARRIES L P S MANGALAGIRI (NORTH SIDE),263,ST.MARRIES L P S MANGALAGIRI - 100
1,Kerala,ALATHUR - 60,ALATHUR,Reena ,റീന ,F,56,WJT0464867,Paulos,പൗലോസ്,100,ST.MARRIES L P S MANGALAGIRI (NORTH SIDE),264,ST.MARRIES L P S MANGALAGIRI - 100
1,Kerala,ALATHUR - 60,ALATHUR,Jijo ,ജിജോ ,M,39,DLV1451368,Paulos,പൗലോസ്,100,ST.MARRIES L P S MANGALAGIRI (NORTH SIDE),265,ST.MARRIES L P S MANGALAGIRI - 100
1,Kerala,ALATHUR - 60,ALATHUR,Joy ,ജോയ് ,M,61,KL/07/053/327139,Thomas,തോമസ്,100,ST.MARRIES L P S MANGALAGIRI (NORTH SIDE),266,ST.MARRIES L P S MANGALAGIRI - 100
1,Kerala,ALATHUR - 60,ALATHUR,Thomas ,തോമസ് ,M,60,KL/07/053/327121,Varghese,വര്‍ഗ്ഗീസ്,100,ST.MARRIES L P S MANGALAGIRI (NORTH SIDE),267,ST.MARRIES L P S MANGALAGIRI - 100
1,Kerala,ALATHUR - 60,ALATHUR,Rosili ,റോസിലി ,F,58,KL/07/053/327142,Thomas,തോമസ്,100,ST.MARRIES L P S MANGALAGIRI (NORTH SIDE),268,ST.MARRIES L P S MANGALAGIRI - 100
1,Kerala,ALATHUR - 60,ALATHUR,Ansi ,ആന്‍സി ,F,50,KL/07/053/327141,Joy,ജോയ്,100,ST.MARRIES L P S MANGALAGIRI (NORTH SIDE),269,ST.MARRIES L P S MANGALAGIRI - 100
1,Kerala,ALATHUR - 60,ALATHUR,Robinthomas ,റോബിന്‍തോമസ് ,M,34,DLV1823913,Thomas,തോമസ്,100,ST.MARRIES L P S MANGALAGIRI (NORTH SIDE),270,ST.MARRIES L P S MANGALAGIRI - 100
1,Kerala,ALATHUR - 60,ALATHUR,Jithin C Joy ,ജിതിന്‍ സി ജോയ് ,M,27,WJT0227785,Joy,ജോയ്,100,ST.MARRIES L P S MANGALAGIRI (NORTH SIDE),271,ST.MARRIES L P S MANGALAGIRI - 100
1,Kerala,ALATHUR - 60,ALATHUR,Jitto C Joy ,ജിറ്റോ സി ജോയ് ,M,23,WJT0551317,Joy Thomas,ജോയ് തോമസ്,100,ST.MARRIES L P S MANGALAGIRI (NORTH SIDE),272,ST.MARRIES L P S MANGALAGIRI - 100
1,Kerala,ALATHUR - 60,ALATHUR,Thresyamma ,ത്രേസ്യാമ്മ ,F,58,KL/07/053/327502,Domi,ടോമി,100,ST.MARRIES L P S MANGALAGIRI (NORTH SIDE),273,ST.MARRIES L P S MANGALAGIRI - 100
1,Kerala,ALATHUR - 60,ALATHUR,Naiz Thomas ,നൈസ് തോമസ്സ് ,M,32,DLV1728823,Thomas Joseph,തോമസ് ജോസഫ്,100,ST.MARRIES L P S MANGALAGIRI (NORTH SIDE),274,ST.MARRIES L P S MANGALAGIRI - 100
1,Kerala,ALATHUR - 60,ALATHUR,Nevin Thomas ,നെവിന്‍ തോമസ് ,M,32,WJT0027243,Thomas Joseph,തോമസ് ജോസഫ്,100,ST.MARRIES L P S MANGALAGIRI (NORTH SIDE),275,ST.MARRIES L P S MANGALAGIRI - 100
1,Kerala,ALATHUR - 60,ALATHUR,Noyal Thomas ,നോയല്‍ തോമസ് ,M,31,WJT0045369,Thomas Joseph,തോമസ് ജോസഫ്,100,ST.MARRIES L P S MANGALAGIRI (NORTH SIDE),276,ST.MARRIES L P S MANGALAGIRI - 100
1,Kerala,ALATHUR - 60,ALATHUR,Annie Thomas ,ആനി തോമസ് ,F,76,WJT0415828,Thomas,തോമസ്,100,ST.MARRIES L P S MANGALAGIRI (NORTH SIDE),277,ST.MARRIES L P S MANGALAGIRI - 100
1,Kerala,ALATHUR - 60,ALATHUR,Shaji Thomas ,ഷാജി തോമസ് ,M,41,WJT0202895,Thomas,തോമസ്,100,ST.MARRIES L P S MANGALAGIRI (NORTH SIDE),278,ST.MARRIES L P S MANGALAGIRI - 100
1,Kerala,ALATHUR - 60,ALATHUR,Shaiju Thomas ,ഷൈജു തോമസ് ,M,35,WJT0198143,Thomas,തോമസ്,100,ST.MARRIES L P S MANGALAGIRI (NORTH SIDE),279,ST.MARRIES L P S MANGALAGIRI - 100
1,Kerala,ALATHUR - 60,ALATHUR,Babu ,ബാബു ,M,55,KL/07/051/213841,Joseph,ജോസഫ്,100,ST.MARRIES L P S MANGALAGIRI (NORTH SIDE),280,ST.MARRIES L P S MANGALAGIRI - 100
1,Kerala,ALATHUR - 60,ALATHUR,Lilli ,ലില്ലി ,F,52,KL/07/051/213401,Babu,ബാബു,100,ST.MARRIES L P S MANGALAGIRI (NORTH SIDE),281,ST.MARRIES L P S MANGALAGIRI - 100
1,Kerala,ALATHUR - 60,ALATHUR,Melbin Babu ,മെല്‍ബിന്‍ ബാബു ,M,26,WJT0275263,Babu Joseph,ബാബു ജോസഫ്,100,ST.MARRIES L P S MANGALAGIRI (NORTH SIDE),282,ST.MARRIES L P S MANGALAGIRI - 100
1,Kerala,ALATHUR - 60,ALATHUR,Minu Babu ,മിനു ബാബു ,F,23,WJT0560698,Babu A J,ബാബു എ ജെ,100,ST.MARRIES L P S MANGALAGIRI (NORTH SIDE),283,ST.MARRIES L P S MANGALAGIRI - 100
1,Kerala,ALATHUR - 60,ALATHUR,Antani ,അന്റണി ,M,51,DZC1013622,Devasya,ദേവസ്യ,100,ST.MARRIES L P S MANGALAGIRI (NORTH SIDE),284,ST.MARRIES L P S MANGALAGIRI - 100
1,Kerala,ALATHUR - 60,ALATHUR,Raju T K ,രാജു ടി കെ ,M,59,WJT0417659,Krishnan,കൃഷ്ണന്‍,100,ST.MARRIES L P S MANGALAGIRI (NORTH SIDE),285,ST.MARRIES L P S MANGALAGIRI - 100
1,Kerala,ALATHUR - 60,ALATHUR,Usha ,ഉഷ ,F,57,WJT0416008,Raju T K,രാജു ടി കെ,100,ST.MARRIES L P S MANGALAGIRI (NORTH SIDE),286,ST.MARRIES L P S MANGALAGIRI - 100
1,Kerala,ALATHUR - 60,ALATHUR,Ajesh T R ,അജേഷ് ടി ആര്‍ ,M,35,DLV1729813,Raju T K,രാജു ടി കെ,100,ST.MARRIES L P S MANGALAGIRI (NORTH SIDE),287,ST.MARRIES L P S MANGALAGIRI - 100
1,Kerala,ALATHUR - 60,ALATHUR,Meri ,മേരി ,F,65,KL/07/053/327659,Varghese,വര്‍ഗ്ഗീസ്,100,ST.MARRIES L P S MANGALAGIRI (NORTH SIDE),288,ST.MARRIES L P S MANGALAGIRI - 100
1,Kerala,ALATHUR - 60,ALATHUR,Varghese ,വര്‍ഗ്ഗീസ് ,M,56,WJT0560706,Antony,ആന്റണി,100,ST.MARRIES L P S MANGALAGIRI (NORTH SIDE),289,ST.MARRIES L P S MANGALAGIRI - 100
1,Kerala,ALATHUR - 60,ALATHUR,Benny Varghese ,ബെന്നി വര്‍ഗ്ഗീസ് ,M,48,WJT0415901,Varghese,വര്‍ഗ്ഗീസ്,100,ST.MARRIES L P S MANGALAGIRI (NORTH SIDE),290,ST.MARRIES L P S MANGALAGIRI - 100
1,Kerala,ALATHUR - 60,ALATHUR,T O OUSEPH ,ടി  ഒ ഔസേഫ് ,M,83,WJT2296796,Oausef,ഔസേഫ്,100,ST.MARRIES L P S MANGALAGIRI (NORTH SIDE),291,ST.MARRIES L P S MANGALAGIRI - 100
1,Kerala,ALATHUR - 60,ALATHUR,Meri ,മേരി ,F,73,KL/07/053/327153,Joseph,ജോസഫ്,100,ST.MARRIES L P S MANGALAGIRI (NORTH SIDE),292,ST.MARRIES L P S MANGALAGIRI - 100
1,Kerala,ALATHUR - 60,ALATHUR,Raju ,രാജു ,M,50,KL/07/053/327538,Joseph,ജോസഫ്,100,ST.MARRIES L P S MANGALAGIRI (NORTH SIDE),293,ST.MARRIES L P S MANGALAGIRI - 100
1,Kerala,ALATHUR - 60,ALATHUR,Shaini ,ഷൈനി ,F,48,KL/07/053/327544,Ajay,അജയ്,100,ST.MARRIES L P S MANGALAGIRI (NORTH SIDE),294,ST.MARRIES L P S MANGALAGIRI - 100
1,Kerala,ALATHUR - 60,ALATHUR,Sofi ,സോഫി ,F,48,KL/07/053/327152,Raju,രാജു,100,ST.MARRIES L P S MANGALAGIRI (NORTH SIDE),295,ST.MARRIES L P S MANGALAGIRI - 100
1,Kerala,ALATHUR - 60,ALATHUR,Ajay ,അജയ് ,M,46,KL/07/053/327545,Joseph,ജോസഫ്,100,ST.MARRIES L P S MANGALAGIRI (NORTH SIDE),296,ST.MARRIES L P S MANGALAGIRI - 100
1,Kerala,ALATHUR - 60,ALATHUR,Raji ,റജി ,M,46,KL/07/053/327136,Joseph,ജോസഫ്,100,ST.MARRIES L P S MANGALAGIRI (NORTH SIDE),297,ST.MARRIES L P S MANGALAGIRI - 100
1,Kerala,ALATHUR - 60,ALATHUR,Shobhana ,ശോഭന ,F,37,NCP0124586,Linesh,ലിനേഷ്,100,ST.MARRIES L P S MANGALAGIRI (NORTH SIDE),298,ST.MARRIES L P S MANGALAGIRI - 100
1,Kerala,ALATHUR - 60,ALATHUR,Linesh Rajan ,ലിനേഷ് രാജന്‍ ,M,37,WJT0027169,Rajan,രാജന്‍,100,ST.MARRIES L P S MANGALAGIRI (NORTH SIDE),299,ST.MARRIES L P S MANGALAGIRI - 100
1,Kerala,ALATHUR - 60,ALATHUR,Ginumariya Raju ,ജിനുമരിയ രാജു ,F,25,WJT0456434,Raju Joseph,രാജു ജോസഫ്,100,ST.MARRIES L P S MANGALAGIRI (NORTH SIDE),300,ST.MARRIES L P S MANGALAGIRI - 100
1,Kerala,ALATHUR - 60,ALATHUR,Anisha Ajay ,അനീഷ അജയ് ,F,24,WJT0390526,Ajay,അജയ്,100,ST.MARRIES L P S MANGALAGIRI (NORTH SIDE),301,ST.MARRIES L P S MANGALAGIRI - 100
1,Kerala,ALATHUR - 60,ALATHUR,Jose Ajay ,ജോസ് അജയ് ,M,23,WJT0582601,Ajay Joseph,അജയ് ജോസഫ്,100,ST.MARRIES L P S MANGALAGIRI (NORTH SIDE),302,ST.MARRIES L P S MANGALAGIRI - 100
1,Kerala,ALATHUR - 60,ALATHUR,JERIN REJI ,ജെറിന്‍ റെജി ,M,21,WJT2280352,REJI JOSEPH,റെജി ജോസഫ്,100,ST.MARRIES L P S MANGALAGIRI (NORTH SIDE),303,ST.MARRIES L P S MANGALAGIRI - 100
1,Kerala,ALATHUR - 60,ALATHUR,Valsamma ,വല്‍സമ്മ ,F,70,KL/07/053/327401,Surendran,സുരേന്ദ്രന്‍,100,ST.MARRIES L P S MANGALAGIRI (NORTH SIDE),304,ST.MARRIES L P S MANGALAGIRI - 100
1,Kerala,ALATHUR - 60,ALATHUR,Rajappan ,രാജപ്പന്‍ ,M,65,KL/07/053/327681,Narayanan,നാരായണന്‍,100,ST.MARRIES L P S MANGALAGIRI (NORTH SIDE),305,ST.MARRIES L P S MANGALAGIRI - 100
1,Kerala,ALATHUR - 60,ALATHUR,Nadarajan ,നടരാജന്‍ ,M,60,WJT0396960,Lakshmanan Yadava,ലക്ഷ്മണന്‍ യാദവ,100,ST.MARRIES L P S MANGALAGIRI (NORTH SIDE),306,ST.MARRIES L P S MANGALAGIRI - 100
1,Kerala,ALATHUR - 60,ALATHUR,Sabu ,സാബു ,M,55,KL/07/053/327064,Narayanan,നാരായണന്‍,100,ST.MARRIES L P S MANGALAGIRI (NORTH SIDE),308,ST.MARRIES L P S MANGALAGIRI - 100
1,Kerala,ALATHUR - 60,ALATHUR,Santhi ,ശാന്തി ,F,49,WJT0466995,Nadarajan,നടരാജന്‍,100,ST.MARRIES L P S MANGALAGIRI (NORTH SIDE),309,ST.MARRIES L P S MANGALAGIRI - 100
1,Kerala,ALATHUR - 60,ALATHUR,Hens ,ഹെന്‍സ് ,M,48,KL/07/053/327054,Surendran,സുരേന്ദ്രന്‍,100,ST.MARRIES L P S MANGALAGIRI (NORTH SIDE),310,ST.MARRIES L P S MANGALAGIRI - 100
1,Kerala,ALATHUR - 60,ALATHUR,Mini P ,മിനി പി ,F,47,GVQ1095835,Sabu K N,സാബു കെ എന്‍,100,ST.MARRIES L P S MANGALAGIRI (NORTH SIDE),311,ST.MARRIES L P S MANGALAGIRI - 100
1,Kerala,ALATHUR - 60,ALATHUR,VINEESH K ,വിനീഷ് കെ ,M,33,WJT2344067,KUTTY KRISHNAN,കുട്ടി കൃഷ്ണന്‍,100,ST.MARRIES L P S MANGALAGIRI (NORTH SIDE),312,ST.MARRIES L P S MANGALAGIRI - 100
1,Kerala,ALATHUR - 60,ALATHUR,VINEETH K ,വിനീത് കെ ,M,29,WJT2344059,KUTTYKRISHNAN P K,കുട്ടികൃഷ്ണന്‍ പി കെ,100,ST.MARRIES L P S MANGALAGIRI (NORTH SIDE),313,ST.MARRIES L P S MANGALAGIRI - 100
1,Kerala,ALATHUR - 60,ALATHUR,Albin Francis ,ആല്‍ബിന്‍ ഫ്രാന്‍സിസ് ,M,23,WJT0551341,Shaji Francis,ഷാജി ഫ്രാന്‍സിസ്,100,ST.MARRIES L P S MANGALAGIRI (NORTH SIDE),314,ST.MARRIES L P S MANGALAGIRI - 100
1,Kerala,ALATHUR - 60,ALATHUR,Vishnu K S ,വിഷ്ണു കെ എസ് ,M,23,WJT0551077,Sabu K N,സാബു കെ എന്‍,100,ST.MARRIES L P S MANGALAGIRI (NORTH SIDE),315,ST.MARRIES L P S MANGALAGIRI - 100
1,Kerala,ALATHUR - 60,ALATHUR,Sooraj Prakash ,സൂരജ് പ്രകാശ് ,M,23,WJT0551192,Prakash T C,പ്രകാശ് ടി സി,100,ST.MARRIES L P S MANGALAGIRI (NORTH SIDE),316,ST.MARRIES L P S MANGALAGIRI - 100
1,Kerala,ALATHUR - 60,ALATHUR,ANSA MARIA S ,അന്‍സ മറിയ എസ് ,F,21,WJT2297539,SHAJI FRANCIS,ഷാജി ഫ്രാന്‍സിസ്,100,ST.MARRIES L P S MANGALAGIRI (NORTH SIDE),317,ST.MARRIES L P S MANGALAGIRI - 100
1,Kerala,ALATHUR - 60,ALATHUR,PREETHY K N ,പ്രീതി കെ എന്‍ ,F,20,WJT2346955,NATARAJAN,നടരാജന്‍,100,ST.MARRIES L P S MANGALAGIRI (NORTH SIDE),318,ST.MARRIES L P S MANGALAGIRI - 100
1,Kerala,ALATHUR - 60,ALATHUR,Tinu sebastian ,റ്റിനു സെബാസ്റ്റ്യന്‍ ,M,31,DLV1823871,Sebastian,സെബാസ്റ്റ്യന്‍,100,ST.MARRIES L P S MANGALAGIRI (NORTH SIDE),319,ST.MARRIES L P S MANGALAGIRI - 100
1,Kerala,ALATHUR - 60,ALATHUR,Gracy ,ഗ്രേസി ,F,67,WJT0600072,Thomas,തോമസ്,100,ST.MARRIES L P S MANGALAGIRI (NORTH SIDE),320,ST.MARRIES L P S MANGALAGIRI - 100
1,Kerala,ALATHUR - 60,ALATHUR,Thomas ,തോമസ് ,M,64,KL/07/053/327364,Mathyu,മാത്യു,100,ST.MARRIES L P S MANGALAGIRI (NORTH SIDE),321,ST.MARRIES L P S MANGALAGIRI - 100
1,Kerala,ALATHUR - 60,ALATHUR,Joy ,ജോയി ,M,57,WJT0035808,Mathew,മാത്യു,100,ST.MARRIES L P S MANGALAGIRI (NORTH SIDE),322,ST.MARRIES L P S MANGALAGIRI - 100
1,Kerala,ALATHUR - 60,ALATHUR,Selina ,സെലീന ,F,51,WJT0035840,Joy,ജോയി,100,ST.MARRIES L P S MANGALAGIRI (NORTH SIDE),323,ST.MARRIES L P S MANGALAGIRI - 100
1,Kerala,ALATHUR - 60,ALATHUR,Mejo Thomas ,മെജോ തോമസ് ,M,36,DLV1780592,Thomas,തോമസ്,100,ST.MARRIES L P S MANGALAGIRI (NORTH SIDE),324,ST.MARRIES L P S MANGALAGIRI - 100
1,Kerala,ALATHUR - 60,ALATHUR,Jincy Jose ,ജിന്‍സി ജോസ് ,F,36,FYT1907229,Mejo Thomas,മെജോ തോമസ്,100,ST.MARRIES L P S MANGALAGIRI (NORTH SIDE),325,ST.MARRIES L P S MANGALAGIRI - 100
1,Kerala,ALATHUR - 60,ALATHUR,Jogy Thomas ,ജോജി തോമസ്  ,M,28,WJT0174227,Thomas,തോമസ്,100,ST.MARRIES L P S MANGALAGIRI (NORTH SIDE),326,ST.MARRIES L P S MANGALAGIRI - 100
1,Kerala,ALATHUR - 60,ALATHUR,JOMIS JOSE,ജോമിസ് ജോസ്,M,23,WJT2357374,JOY,ജോയ്,100,ST.MARRIES L P S MANGALAGIRI (NORTH SIDE),327,ST.MARRIES L P S MANGALAGIRI - 100
1,Kerala,ALATHUR - 60,ALATHUR,JYOTHIS JOSE,ജോൃതിസ് ജോസ്,M,21,WJT2357382,JOY,ജോയ്,100,ST.MARRIES L P S MANGALAGIRI (NORTH SIDE),328,ST.MARRIES L P S MANGALAGIRI - 100
1,Kerala,ALATHUR - 60,ALATHUR,Fransis ,ഫ്രാന്‍സിസ് ,M,64,KL/07/053/327504,Chacko,ചാക്കോ,100,ST.MARRIES L P S MANGALAGIRI (NORTH SIDE),329,ST.MARRIES L P S MANGALAGIRI - 100
1,Kerala,ALATHUR - 60,ALATHUR,Arun T Francis ,അരുണ്‍ ടി ഫ്രാന്‍സിസ് ,M,35,WJT0000539,Francis T C,ഫ്രാന്‍സിസ് ടി സി,100,ST.MARRIES L P S MANGALAGIRI (NORTH SIDE),330,ST.MARRIES L P S MANGALAGIRI - 100
1,Kerala,ALATHUR - 60,ALATHUR,Minu Francis ,മിനു ഫ്രാന്‍സിസ് ,F,31,WJT0207795,Francis T C,ഫ്രാന്‍സിസ് ടി സി,100,ST.MARRIES L P S MANGALAGIRI (NORTH SIDE),331,ST.MARRIES L P S MANGALAGIRI - 100
1,Kerala,ALATHUR - 60,ALATHUR,Daisy ,ഡെയ്സി ,F,63,WJT0394981,Sunny,സണ്ണി,100,ST.MARRIES L P S MANGALAGIRI (NORTH SIDE),332,ST.MARRIES L P S MANGALAGIRI - 100
1,Kerala,ALATHUR - 60,ALATHUR,Sanni ,സണ്ണി ,M,63,KL/07/053/327494,Pol,പോള്‍,100,ST.MARRIES L P S MANGALAGIRI (NORTH SIDE),333,ST.MARRIES L P S MANGALAGIRI - 100
1,Kerala,ALATHUR - 60,ALATHUR,Nithin Sunny ,നിതിന്‍ സണ്ണി ,M,33,DLV1728856,Sunny,സണ്ണി,100,ST.MARRIES L P S MANGALAGIRI (NORTH SIDE),334,ST.MARRIES L P S MANGALAGIRI - 100
1,Kerala,ALATHUR - 60,ALATHUR,Neethu Sanny ,നീതു സണ്ണി ,F,28,WJT0174581,Sanni,സണ്ണി,100,ST.MARRIES L P S MANGALAGIRI (NORTH SIDE),335,ST.MARRIES L P S MANGALAGIRI - 100
1,Kerala,ALATHUR - 60,ALATHUR,Mary Abraham ,മേരി എബ്രഹാം ,F,61,WJT0176255,Mathew Sebastian,മാത്യു സെബാസ്റ്റ്യന്‍,100,ST.MARRIES L P S MANGALAGIRI (NORTH SIDE),336,ST.MARRIES L P S MANGALAGIRI - 100
1,Kerala,ALATHUR - 60,ALATHUR,Mathew Sebastian ,മാത്യു സെബാസ്റ്റ്യന്‍ ,M,59,KL/07/053/327159,Devasia,ദേവസ്യ,100,ST.MARRIES L P S MANGALAGIRI (NORTH SIDE),337,ST.MARRIES L P S MANGALAGIRI - 100
1,Kerala,ALATHUR - 60,ALATHUR,Sebin Mathew ,സെബിന്‍ മാത്യു ,M,33,DLV1823020,Mathew Sebastian,മാത്യു സെബാസ്റ്റ്യന്‍,100,ST.MARRIES L P S MANGALAGIRI (NORTH SIDE),338,ST.MARRIES L P S MANGALAGIRI - 100
1,Kerala,ALATHUR - 60,ALATHUR,Robin Mathew ,റോബിന്‍ മാത്യു ,M,31,WJT0045336,Mathew Sebastian,മാത്യു സെബാസ്റ്റ്യന്‍,100,ST.MARRIES L P S MANGALAGIRI (NORTH SIDE),339,ST.MARRIES L P S MANGALAGIRI - 100
1,Kerala,ALATHUR - 60,ALATHUR,Joseph ,ജോസഫ് ,M,76,KL/07/053/327014,Mathai,മത്തായി,100,ST.MARRIES L P S MANGALAGIRI (NORTH SIDE),340,ST.MARRIES L P S MANGALAGIRI - 100
1,Kerala,ALATHUR - 60,ALATHUR,Ealiyamma ,ഏലിയാമ്മ ,F,73,KL/07/053/327009,Joseph,ജോസഫ്,100,ST.MARRIES L P S MANGALAGIRI (NORTH SIDE),341,ST.MARRIES L P S MANGALAGIRI - 100
1,Kerala,ALATHUR - 60,ALATHUR,Bindu ,ബിന്ദു ,F,44,KL/07/053/327151,Raji,റജി,100,ST.MARRIES L P S MANGALAGIRI (NORTH SIDE),342,ST.MARRIES L P S MANGALAGIRI - 100
1,Kerala,ALATHUR - 60,ALATHUR,Thomas V T ,തോമസ് വി ടി ,M,58,WJT2352383,V T THOMAS,വി ടി തോമസ്,100,ST.MARRIES L P S MANGALAGIRI (NORTH SIDE),343,ST.MARRIES L P S MANGALAGIRI - 100
1,Kerala,ALATHUR - 60,ALATHUR,Tomina Thomas ,ടോമിന തോമസ് ,F,26,WJT0564146,Thomas V T,തോമസ് വി റ്റി,100,ST.MARRIES L P S MANGALAGIRI (NORTH SIDE),345,ST.MARRIES L P S MANGALAGIRI - 100
1,Kerala,ALATHUR - 60,ALATHUR,TEENA THOMAS ,ടീന തോമസ് ,F,20,WJT2327112,THOMAS  V T,തോമസ് വി ടി,100,ST.MARRIES L P S MANGALAGIRI (NORTH SIDE),346,ST.MARRIES L P S MANGALAGIRI - 100
1,Kerala,ALATHUR - 60,ALATHUR,Thankappan ,തങ്കപ്പന്‍ ,M,71,KL/07/053/327500,Ittyali,ഇട്ട്യാലി,100,ST.MARRIES L P S MANGALAGIRI (NORTH SIDE),347,ST.MARRIES L P S MANGALAGIRI - 100
1,Kerala,ALATHUR - 60,ALATHUR,Prasad ,പ്രസാദ് ,M,47,KL/07/053/327351,Thankappan,തങ്കപ്പന്‍,100,ST.MARRIES L P S MANGALAGIRI (NORTH SIDE),348,ST.MARRIES L P S MANGALAGIRI - 100
1,Kerala,ALATHUR - 60,ALATHUR,Pradeep ,പ്രദീപ് ,M,43,KL/07/053/327362,Thankappan,തങ്കപ്പന്‍,100,ST.MARRIES L P S MANGALAGIRI (NORTH SIDE),349,ST.MARRIES L P S MANGALAGIRI - 100
1,Kerala,ALATHUR - 60,ALATHUR,Sunitha M N ,സുനിത യം എന്‍ ,F,42,DLV1253327,Pradeep,പ്രദീപ്,100,ST.MARRIES L P S MANGALAGIRI (NORTH SIDE),350,ST.MARRIES L P S MANGALAGIRI - 100
1,Kerala,ALATHUR - 60,ALATHUR,Mariyakkutty ,മറിയക്കുട്ടി ,F,77,DLV1823483,Joseph,ജോസഫ്,100,ST.MARRIES L P S MANGALAGIRI (NORTH SIDE),351,ST.MARRIES L P S MANGALAGIRI - 100
1,Kerala,ALATHUR - 60,ALATHUR,Valsamma ,വല്‍സമ്മ ,F,65,KL/07/053/327263,Raghavan,രാഘവന്‍,100,ST.MARRIES L P S MANGALAGIRI (NORTH SIDE),352,ST.MARRIES L P S MANGALAGIRI - 100
1,Kerala,ALATHUR - 60,ALATHUR,Gracy ,ഗ്രേസി ,F,56,JPV1832039,Joseph,ജോസഫ്,100,ST.MARRIES L P S MANGALAGIRI (NORTH SIDE),353,ST.MARRIES L P S MANGALAGIRI - 100
1,Kerala,ALATHUR - 60,ALATHUR,Johny ,ജോണി ,M,53,DLV1823491,Joseph,ജോസഫ്,100,ST.MARRIES L P S MANGALAGIRI (NORTH SIDE),354,ST.MARRIES L P S MANGALAGIRI - 100
1,Kerala,ALATHUR - 60,ALATHUR,Rosamma ,റോസമ്മ ,F,51,DLV1823475,Johny Joseph,ജോണി ജോസഫ്,100,ST.MARRIES L P S MANGALAGIRI (NORTH SIDE),355,ST.MARRIES L P S MANGALAGIRI - 100
1,Kerala,ALATHUR - 60,ALATHUR,Siji ,സിജി ,M,47,DLV1253830,Raghavan,രാഘവന്‍,100,ST.MARRIES L P S MANGALAGIRI (NORTH SIDE),356,ST.MARRIES L P S MANGALAGIRI - 100
1,Kerala,ALATHUR - 60,ALATHUR,Suresh.Ke.AR ,സുരേഷ്.കെ.ആര്‍ ,M,42,DLV1322882,Raghavan,രാഘവന്‍,100,ST.MARRIES L P S MANGALAGIRI (NORTH SIDE),357,ST.MARRIES L P S MANGALAGIRI - 100
1,Kerala,ALATHUR - 60,ALATHUR,Rajani ,രജനി ,F,37,JLC1707751,Suresh,സുരേഷ്,100,ST.MARRIES L P S MANGALAGIRI (NORTH SIDE),358,ST.MARRIES L P S MANGALAGIRI - 100
1,Kerala,ALATHUR - 60,ALATHUR,Anitha ,അനിത ,F,36,DLV1609643,Siji K R,സിജി കെ ആര്‍,100,ST.MARRIES L P S MANGALAGIRI (NORTH SIDE),359,ST.MARRIES L P S MANGALAGIRI - 100
1,Kerala,ALATHUR - 60,ALATHUR,Aleena Johny ,അലീന ജോണി ,F,26,WJT0257436,Johny Joseph,ജോണി ജോസഫ്,100,ST.MARRIES L P S MANGALAGIRI (NORTH SIDE),360,ST.MARRIES L P S MANGALAGIRI - 100
1,Kerala,ALATHUR - 60,ALATHUR,Ajin Johny ,അജിന്‍ ജോണി ,M,25,WJT0325811,Johny Joseph,ജോണി ജോസഫ്,100,ST.MARRIES L P S MANGALAGIRI (NORTH SIDE),361,ST.MARRIES L P S MANGALAGIRI - 100
1,Kerala,ALATHUR - 60,ALATHUR,Jos ,ജോസ് ,M,56,KL/07/053/327118,Joseph,ജോസഫ്,100,ST.MARRIES L P S MANGALAGIRI (NORTH SIDE),362,ST.MARRIES L P S MANGALAGIRI - 100
1,Kerala,ALATHUR - 60,ALATHUR,Lisi ,ലിസി ,F,48,KL/07/053/327327,Jos,ജോസ്,100,ST.MARRIES L P S MANGALAGIRI (NORTH SIDE),363,ST.MARRIES L P S MANGALAGIRI - 100
1,Kerala,ALATHUR - 60,ALATHUR,Lijo Jose ,ലിജോ ജോസ് ,M,30,WJT0045393,Jose M J,ജോസ് എം ജെ,100,ST.MARRIES L P S MANGALAGIRI (NORTH SIDE),364,ST.MARRIES L P S MANGALAGIRI - 100
1,Kerala,ALATHUR - 60,ALATHUR,Anju Jose ,അഞ്ജു ജോസ് ,F,26,WJT0390534,Jose M J,ജോസ് എം ജെ,100,ST.MARRIES L P S MANGALAGIRI (NORTH SIDE),365,ST.MARRIES L P S MANGALAGIRI - 100
1,Kerala,ALATHUR - 60,ALATHUR,ANJALY PETER ,അഞ്‍ജലി പീറ്റര്‍ ,F,24,WJT2342137,LIJO JOSE,ലിജോ ജോസ്,100,ST.MARRIES L P S MANGALAGIRI (NORTH SIDE),366,ST.MARRIES L P S MANGALAGIRI - 100
1,Kerala,PATTAMBI - 50,PALAKAD,LILLY MATHEW E ,ലില്ലി മാത്യുഇ ,F,56,DLV1663079,MATHEW E J,മാത്യു ഇ ജെ,110,"Government Mappila Lower Primary School, Pattambi",1349,"110A - Government Mappila Lower Primary School, Pattambi - 110"
1,Kerala,ALATHUR - 60,ALATHUR,JISSY C D ,ജിസ്സി സി ഡി ,F,54,DLV1151174,DEVASSYKUTTY C J,ദേവസ്സികുട്ടി സി ജെ,100,ST.MARRIES L P S MANGALAGIRI (NORTH SIDE),368,ST.MARRIES L P S MANGALAGIRI - 100
1,Kerala,ALATHUR - 60,ALATHUR,CARMALI C A ,കാര്‍മലി സി എ ,F,53,WJT2357408,ANTHONY,ആന്റണി,100,ST.MARRIES L P S MANGALAGIRI (NORTH SIDE),369,ST.MARRIES L P S MANGALAGIRI - 100
1,Kerala,ALATHUR - 60,ALATHUR,Sr Jimsy ,സി. ജിംസി ,F,45,WJT0114397,Mother Superior,മദര്‍ സുപ്പീരിയര്‍,100,ST.MARRIES L P S MANGALAGIRI (NORTH SIDE),370,ST.MARRIES L P S MANGALAGIRI - 100
1,Kerala,ALATHUR - 60,ALATHUR,Sister Jobitha ,സിസ്റ്റര്‍ ജോബിത ,F,41,WJT0109900,Millet,മില്ലറ്റ്,100,ST.MARRIES L P S MANGALAGIRI (NORTH SIDE),371,ST.MARRIES L P S MANGALAGIRI - 100
1,Kerala,ALATHUR - 60,ALATHUR,FEGY ULAHANNAN ,ഫെജി ഉലഹന്നാന്‍ ,F,29,WJT2326742,ULAHANNAN K M,ഉലഹന്നാൻ കെ എം,100,ST.MARRIES L P S MANGALAGIRI (NORTH SIDE),372,ST.MARRIES L P S MANGALAGIRI - 100
1,Kerala,ALATHUR - 60,ALATHUR,TRINY JOHNSON ,ട്രിനി ജോണ്‍സന്‍ ,F,29,WJT2326759,JOHNSON,ജോണ്‍സന്‍,100,ST.MARRIES L P S MANGALAGIRI (NORTH SIDE),373,ST.MARRIES L P S MANGALAGIRI - 100
1,Kerala,ALATHUR - 60,ALATHUR,ROSE SHAJU ,റോസ് ഷാജു ,F,22,WJT2321248,SHAJU   P  F,ഷാജു  പി എഫ്,100,ST.MARRIES L P S MANGALAGIRI (NORTH SIDE),374,ST.MARRIES L P S MANGALAGIRI - 100
1,Kerala,ALATHUR - 60,ALATHUR,JISLY  REJI ,ജിസ്‌ലി  റെജി ,F,21,WJT2323632,REJI PAPPACHAN,റെജി പാപ്പച്ചന്‍,100,ST.MARRIES L P S MANGALAGIRI (NORTH SIDE),375,ST.MARRIES L P S MANGALAGIRI - 100
1,Kerala,ALATHUR - 60,ALATHUR,ANILA JOJO ,അനില ജോജോ ,F,21,WJT2323640,JOJO  K  JOHN,ജോജോ കെ ജോണ്‍,100,ST.MARRIES L P S MANGALAGIRI (NORTH SIDE),376,ST.MARRIES L P S MANGALAGIRI - 100
1,Kerala,ALATHUR - 60,ALATHUR,CHRISTEENA MATHEW ,ക്രിസ്റ്റീന മാത്യു ,F,21,WJT2323657,MATHEW V M,മാത്യു വി എം,100,ST.MARRIES L P S MANGALAGIRI (NORTH SIDE),377,ST.MARRIES L P S MANGALAGIRI - 100
1,Kerala,ALATHUR - 60,ALATHUR,DAISY  DAVIS ,ഡയ്സി  ഡേവിസ് ,F,20,WJT2326817,P K  DAVIS,പി  കെ  ഡേവിസ്,100,ST.MARRIES L P S MANGALAGIRI (NORTH SIDE),378,ST.MARRIES L P S MANGALAGIRI - 100
1,Kerala,ALATHUR - 60,ALATHUR,Jos ,ജോസ് ,M,70,KL/07/053/327596,Kuryan,കുര്യന്‍,100,ST.MARRIES L P S MANGALAGIRI (NORTH SIDE),379,ST.MARRIES L P S MANGALAGIRI - 100
1,Kerala,ALATHUR - 60,ALATHUR,Kuttiyamma ,കുട്ടിയമ്മ ,F,63,KL/07/053/327592,Jos,ജോസ്,100,ST.MARRIES L P S MANGALAGIRI (NORTH SIDE),380,ST.MARRIES L P S MANGALAGIRI - 100
1,Kerala,ALATHUR - 60,ALATHUR,Sebastin ,സെബാസ്റ്റ്യന്‍ ,M,79,WJT0198267,Augustian,അഗസ്റ്റ്യന്‍,100,ST.MARRIES L P S MANGALAGIRI (NORTH SIDE),381,ST.MARRIES L P S MANGALAGIRI - 100
1,Kerala,ALATHUR - 60,ALATHUR,Elsi ,എല്‍സി ,F,65,KL/07/053/327384,Devasya,ദേവസ്യ,100,ST.MARRIES L P S MANGALAGIRI (NORTH SIDE),382,ST.MARRIES L P S MANGALAGIRI - 100
1,Kerala,ALATHUR - 60,ALATHUR,Benny Joseoh ,ബെന്നി ജോസഫ് ,M,44,NJG0058388,Joseph,ജോസഫ്,100,ST.MARRIES L P S MANGALAGIRI (NORTH SIDE),383,ST.MARRIES L P S MANGALAGIRI - 100
1,Kerala,ALATHUR - 60,ALATHUR,Sijo ,സിജോ ,M,42,KL/07/053/327276,Sebastyan,സെബാസ്റ്റ്യന്‍,100,ST.MARRIES L P S MANGALAGIRI (NORTH SIDE),384,ST.MARRIES L P S MANGALAGIRI - 100
1,Kerala,ALATHUR - 60,ALATHUR,Soumya ,സൗമ്യ ,F,33,WJT0073486,Benny Joseph,ബെന്നി ജോസഫ്,100,ST.MARRIES L P S MANGALAGIRI (NORTH SIDE),385,ST.MARRIES L P S MANGALAGIRI - 100
1,Kerala,ALATHUR - 60,ALATHUR,Sisili ,സിസിലി ,F,62,KL/07/053/327162,Sebasttyan,സെബാസ്റ്റ്യന്‍,100,ST.MARRIES L P S MANGALAGIRI (NORTH SIDE),386,ST.MARRIES L P S MANGALAGIRI - 100
1,Kerala,ALATHUR - 60,ALATHUR,Jomon ,ജോമോന്‍ ,M,37,DLV1451350,Sebastyan,സെബാസ്റ്റ്യന്‍,100,ST.MARRIES L P S MANGALAGIRI (NORTH SIDE),387,ST.MARRIES L P S MANGALAGIRI - 100
1,Kerala,ALATHUR - 60,ALATHUR,Jestin U Sebastian ,ജെസ്റ്റിന്‍ യു സെബാസ്റ്റ്യന്‍ ,M,35,WJT0061416,Sebastian,സെബാസ്റ്റ്യന്‍,100,ST.MARRIES L P S MANGALAGIRI (NORTH SIDE),388,ST.MARRIES L P S MANGALAGIRI - 100
1,Kerala,ALATHUR - 60,ALATHUR,Jobin Sebastian ,ജോബിന്‍ സെബാസ്റ്റ്യന്‍ ,M,30,WJT0045559,Sebastian,സെബാസ്റ്റ്യന്‍,100,ST.MARRIES L P S MANGALAGIRI (NORTH SIDE),389,ST.MARRIES L P S MANGALAGIRI - 100
1,Kerala,ALATHUR - 60,ALATHUR,Joseph ,ജോസഫ് ,M,88,WJT0465427,Antony,ആന്റണി,100,ST.MARRIES L P S MANGALAGIRI (NORTH SIDE),390,ST.MARRIES L P S MANGALAGIRI - 100
1,Kerala,ALATHUR - 60,ALATHUR,Suresh.K.J ,സുരേഷ്.കെ.ജെ ,M,54,WJT0590497,Joseph,ജോസഫ്,100,ST.MARRIES L P S MANGALAGIRI (NORTH SIDE),391,ST.MARRIES L P S MANGALAGIRI - 100
1,Kerala,ALATHUR - 60,ALATHUR,Subhash ,സുഭാഷ് ,M,53,KL/07/053/327601,Joseph,ജോസഫ്,100,ST.MARRIES L P S MANGALAGIRI (NORTH SIDE),392,ST.MARRIES L P S MANGALAGIRI - 100
1,Kerala,ALATHUR - 60,ALATHUR,Beena ,ബീന ,F,49,DLV1308477,Subhash.,സുഭാഷ്.,100,ST.MARRIES L P S MANGALAGIRI (NORTH SIDE),393,ST.MARRIES L P S MANGALAGIRI - 100
1,Kerala,ALATHUR - 60,ALATHUR,Siji ,സിജി ,F,48,KL/07/053/303517,Suresh,സുരേഷ്,100,ST.MARRIES L P S MANGALAGIRI (NORTH SIDE),394,ST.MARRIES L P S MANGALAGIRI - 100
1,Kerala,ALATHUR - 60,ALATHUR,Meri ,മേരി ,F,46,KL/07/053/327310,Joseph,ജോസഫ്,100,ST.MARRIES L P S MANGALAGIRI (NORTH SIDE),395,ST.MARRIES L P S MANGALAGIRI - 100
1,Kerala,ALATHUR - 60,ALATHUR,Amith Subhash ,അമിത്ത് സുഭാഷ് ,M,24,WJT0412601,Subhash K J,സുഭാഷ് കെ ജെ,100,ST.MARRIES L P S MANGALAGIRI (NORTH SIDE),396,ST.MARRIES L P S MANGALAGIRI - 100
1,Kerala,ALATHUR - 60,ALATHUR,NEGHA SUBHASH,നേഘാ സുഭാഷ്,F,20,WJT2321636,SUBHASH K J,സുഭാഷ് കെ ജെ,100,ST.MARRIES L P S MANGALAGIRI (NORTH SIDE),397,ST.MARRIES L P S MANGALAGIRI - 100
1,Kerala,ALATHUR - 60,ALATHUR,Dinto K Suresh ,ഡിന്‍റോ കെ സുരേഷ് ,M,20,WJT2318632,Suresh K J,സുരേഷ് കെ ജെ,100,ST.MARRIES L P S MANGALAGIRI (NORTH SIDE),398,ST.MARRIES L P S MANGALAGIRI - 100
1,Kerala,ALATHUR - 60,ALATHUR,Gresi ,ഗ്രേസി ,F,61,KL/07/053/327385,Thomas,തോമസ്,100,ST.MARRIES L P S MANGALAGIRI (NORTH SIDE),399,ST.MARRIES L P S MANGALAGIRI - 100
1,Kerala,ALATHUR - 60,ALATHUR,Ttittu ,റ്റിറ്റു ,M,40,KL/07/053/327597,Thomas,തോമസ്,100,ST.MARRIES L P S MANGALAGIRI (NORTH SIDE),400,ST.MARRIES L P S MANGALAGIRI - 100
1,Kerala,ALATHUR - 60,ALATHUR,Manju ,മഞ്ജു ,F,39,DLV1729797,Sijo Sebastian,സിജോ സെബാസ്റ്റ്യന്‍,100,ST.MARRIES L P S MANGALAGIRI (NORTH SIDE),401,ST.MARRIES L P S MANGALAGIRI - 100
1,Kerala,ALATHUR - 60,ALATHUR,Jithu ,ജിത്തു ,M,37,DLV1153469,thomas,തോമസ്,100,ST.MARRIES L P S MANGALAGIRI (NORTH SIDE),402,ST.MARRIES L P S MANGALAGIRI - 100
1,Kerala,ALATHUR - 60,ALATHUR,Sherin Jose ,ഷെറിന്‍ ജോസ് ,F,36,CGZ1738756,Ttittu Thomas,റ്റിറ്റു തോമസ്,100,ST.MARRIES L P S MANGALAGIRI (NORTH SIDE),403,ST.MARRIES L P S MANGALAGIRI - 100
1,Kerala,ALATHUR - 60,ALATHUR,Meri ,മേരി ,F,69,KL/07/053/327591,Fransis,ഫ്രാന്‍സിസ്,100,ST.MARRIES L P S MANGALAGIRI (NORTH SIDE),404,ST.MARRIES L P S MANGALAGIRI - 100
1,Kerala,ALATHUR - 60,ALATHUR,Shaji ,ഷാജി ,M,50,KL/07/053/327047,Fransis,ഫ്രാന്‍സിസ്,100,ST.MARRIES L P S MANGALAGIRI (NORTH SIDE),405,ST.MARRIES L P S MANGALAGIRI - 100
1,Kerala,ALATHUR - 60,ALATHUR,Mini ,മിനി ,F,48,DLV1613033,Shaji,ഷാജി,100,ST.MARRIES L P S MANGALAGIRI (NORTH SIDE),406,ST.MARRIES L P S MANGALAGIRI - 100
1,Kerala,ALATHUR - 60,ALATHUR,Shibu ,ഷിബു ,M,38,DLV1482298,Fransees,ഫ്രാന്‍സീസ്,100,ST.MARRIES L P S MANGALAGIRI (NORTH SIDE),407,ST.MARRIES L P S MANGALAGIRI - 100
1,Kerala,ALATHUR - 60,ALATHUR,Dhanya M L ,ധന്യ എം എല്‍ ,F,37,WJT0551119,Shibu Francis,ഷിബു ഫ്രാന്‍സിസ്,100,ST.MARRIES L P S MANGALAGIRI (NORTH SIDE),408,ST.MARRIES L P S MANGALAGIRI - 100
1,Kerala,ALATHUR - 60,ALATHUR,Mathyu ,മാത്യു ,M,71,KL/07/053/327678,Thomas,തോമസ്,100,ST.MARRIES L P S MANGALAGIRI (NORTH SIDE),409,ST.MARRIES L P S MANGALAGIRI - 100
1,Kerala,ALATHUR - 60,ALATHUR,Pennamma ,പെണ്ണമ്മ ,F,60,KL/07/053/327590,Mathyu,മാത്യു,100,ST.MARRIES L P S MANGALAGIRI (NORTH SIDE),410,ST.MARRIES L P S MANGALAGIRI - 100
1,Kerala,ALATHUR - 60,ALATHUR,Manoj Mathyu ,മനോജ് മാത്യു ,M,41,DLV1153451,mathyu,മാത്യു,100,ST.MARRIES L P S MANGALAGIRI (NORTH SIDE),411,ST.MARRIES L P S MANGALAGIRI - 100
1,Kerala,ALATHUR - 60,ALATHUR,Baiju ,ബൈജു ,M,39,DLV1204270,Mathyu,മാത്യു,100,ST.MARRIES L P S MANGALAGIRI (NORTH SIDE),412,ST.MARRIES L P S MANGALAGIRI - 100
1,Kerala,ALATHUR - 60,ALATHUR,Sini Joy ,സിനി ജോയ് ,F,33,WJT0106922,Manoj Mathew,മനോജ് മാത്യു,100,ST.MARRIES L P S MANGALAGIRI (NORTH SIDE),413,ST.MARRIES L P S MANGALAGIRI - 100
1,Kerala,ALATHUR - 60,ALATHUR,Sajeev T B ,സജീവ് ടി ബി ,M,50,WJT0341354,Bhaskarapanikar,ഭാസ്ക്കരപ്പണിക്കര്‍,100,ST.MARRIES L P S MANGALAGIRI (NORTH SIDE),414,ST.MARRIES L P S MANGALAGIRI - 100
1,Kerala,ALATHUR - 60,ALATHUR,Nisha S Nair ,നിഷ എസ് നായര്‍ ,F,40,JLC1190941,Sajeev T B,സജീവ് ടി ബി,100,ST.MARRIES L P S MANGALAGIRI (NORTH SIDE),415,ST.MARRIES L P S MANGALAGIRI - 100
1,Kerala,ALATHUR - 60,ALATHUR,Chinnamma ,ചിന്നമ്മ ,F,65,KL/07/053/327387,Kuryan,കുര്യന്‍,100,ST.MARRIES L P S MANGALAGIRI (NORTH SIDE),416,ST.MARRIES L P S MANGALAGIRI - 100
1,Kerala,ALATHUR - 60,ALATHUR,Byju Cyriac ,ബൈജു സിറിയക്ക് ,M,40,DLV1154111,Kuryan,കുര്യന്‍,100,ST.MARRIES L P S MANGALAGIRI (NORTH SIDE),417,ST.MARRIES L P S MANGALAGIRI - 100
1,Kerala,ALATHUR - 60,ALATHUR,Shelma Dominic ,ഷെല്‍മ ഡൊമിനിക് ,F,35,DLV1651587,Baiju Cyriac,ബൈജു സിറിയക്ക്,100,ST.MARRIES L P S MANGALAGIRI (NORTH SIDE),418,ST.MARRIES L P S MANGALAGIRI - 100
1,Kerala,ALATHUR - 60,ALATHUR,Bijo Kurian ,ബിജോ കുര്യന്‍ ,M,35,DLV1646868,kurian,കുര്യന്‍,100,ST.MARRIES L P S MANGALAGIRI (NORTH SIDE),419,ST.MARRIES L P S MANGALAGIRI - 100
1,Kerala,ALATHUR - 60,ALATHUR,Leelamma ,ലീലാമ്മ ,F,60,KL/07/053/327383,Thomas,തോമസ്,100,ST.MARRIES L P S MANGALAGIRI (NORTH SIDE),420,ST.MARRIES L P S MANGALAGIRI - 100
1,Kerala,ALATHUR - 60,ALATHUR,Alphonsa Thomas ,അല്‍ഫോന്‍സ തോമസ് ,F,34,WJT0000406,Thomas T,തോമസ് ടി,100,ST.MARRIES L P S MANGALAGIRI (NORTH SIDE),421,ST.MARRIES L P S MANGALAGIRI - 100
1,Kerala,ALATHUR - 60,ALATHUR,Mathukkutti ,മാത്തുക്കുട്ടി ,M,43,KL/07/053/327296,Thomas,തോമസ്,100,ST.MARRIES L P S MANGALAGIRI (NORTH SIDE),422,ST.MARRIES L P S MANGALAGIRI - 100
1,Kerala,ALATHUR - 60,ALATHUR,Joli Mathukutti ,ജോളി മാത്തുകുട്ടി ,F,36,WJT0027524,Mathukutti Thomas,മാത്തുകുട്ടി തോമസ്‌,100,ST.MARRIES L P S MANGALAGIRI (NORTH SIDE),423,ST.MARRIES L P S MANGALAGIRI - 100
1,Kerala,ALATHUR - 60,ALATHUR,Joseph ,ജോസഫ് ,M,81,KL/07/053/327025,Ebraham,എബ്രഹാം,100,ST.MARRIES L P S MANGALAGIRI (NORTH SIDE),424,ST.MARRIES L P S MANGALAGIRI - 100
1,Kerala,ALATHUR - 60,ALATHUR,Ealiyamma ,ഏലിയാമ്മ ,F,65,KL/07/053/327561,Joseph,ജോസഫ്,100,ST.MARRIES L P S MANGALAGIRI (NORTH SIDE),425,ST.MARRIES L P S MANGALAGIRI - 100
1,Kerala,ALATHUR - 60,ALATHUR,Royi ,റോയി ,M,48,KL/07/053/327640,Joseph,ജോസഫ്,100,ST.MARRIES L P S MANGALAGIRI (NORTH SIDE),426,ST.MARRIES L P S MANGALAGIRI - 100
1,Kerala,ALATHUR - 60,ALATHUR,Mini ,മിനി ,F,47,KL/07/053/327639,Royi,റോയി,100,ST.MARRIES L P S MANGALAGIRI (NORTH SIDE),427,ST.MARRIES L P S MANGALAGIRI - 100
1,Kerala,ALATHUR - 60,ALATHUR,Raji ,റജി ,M,46,KL/07/053/327107,Joseph,ജോസഫ്,100,ST.MARRIES L P S MANGALAGIRI (NORTH SIDE),428,ST.MARRIES L P S MANGALAGIRI - 100
1,Kerala,ALATHUR - 60,ALATHUR,Tintu K V ,ടിന്‍റു കെ വി ,F,39,DLV1323435,Reji Joseph,റെജി ജോസഫ്,100,ST.MARRIES L P S MANGALAGIRI (NORTH SIDE),429,ST.MARRIES L P S MANGALAGIRI - 100
1,Kerala,ALATHUR - 60,ALATHUR,ANU ROY ,അനു റോയ് ,M,23,WJT2296275,ROY JOSEPH,റോയ് ജോസഫ്,100,ST.MARRIES L P S MANGALAGIRI (NORTH SIDE),430,ST.MARRIES L P S MANGALAGIRI - 100
1,Kerala,ALATHUR - 60,ALATHUR,Aliyamma Varkey  ,ഏലിയാമ്മ വര്‍ക്കി ,F,68,WJT0627604,Varkki,വര്‍ക്കി,100,ST.MARRIES L P S MANGALAGIRI (NORTH SIDE),431,ST.MARRIES L P S MANGALAGIRI - 100
1,Kerala,ALATHUR - 60,ALATHUR,Binoy ,ബിനോയ് ,M,45,KL/07/053/327691,Varkki,വര്‍ക്കി,100,ST.MARRIES L P S MANGALAGIRI (NORTH SIDE),432,ST.MARRIES L P S MANGALAGIRI - 100
1,Kerala,ALATHUR - 60,ALATHUR,Binu George ,ബിനു ജോര്‍ജ്ജ് ,M,38,DLV1153477,Varkki,വര്‍ക്കി,100,ST.MARRIES L P S MANGALAGIRI (NORTH SIDE),433,ST.MARRIES L P S MANGALAGIRI - 100
1,Kerala,ALATHUR - 60,ALATHUR,Ushus Joy ,ഉഷസ്   ജോയ് ,F,37,cgz1615079,Binoy George,ബിനോയ് ജോര്‍ജ്,100,ST.MARRIES L P S MANGALAGIRI (NORTH SIDE),434,ST.MARRIES L P S MANGALAGIRI - 100
1,Kerala,ALATHUR - 60,ALATHUR,Joseph ,ജോസഫ് ,M,71,KL/07/053/285184,Mathayi,മത്തായി,100,ST.MARRIES L P S MANGALAGIRI (NORTH SIDE),435,ST.MARRIES L P S MANGALAGIRI - 100
1,Kerala,ALATHUR - 60,ALATHUR,Shaiju V Jos ,ഷൈജു വി ജോസ് ,M,41,DLV1153378,v M Joseph,വി എം ജോസഫ്,100,ST.MARRIES L P S MANGALAGIRI (NORTH SIDE),436,ST.MARRIES L P S MANGALAGIRI - 100
1,Kerala,ALATHUR - 60,ALATHUR,Jobitha P J ,ജോബിത  പി ജെ ,F,33,WJT0027367,Shaiju V Jose,ഷൈജു വി ജോസ്,100,ST.MARRIES L P S MANGALAGIRI (NORTH SIDE),437,ST.MARRIES L P S MANGALAGIRI - 100
1,Kerala,ALATHUR - 60,ALATHUR,Thomas ,തോമസ് ,M,76,KL/07/053/327685,Varkki,വര്‍ക്കി,100,ST.MARRIES L P S MANGALAGIRI (NORTH SIDE),438,ST.MARRIES L P S MANGALAGIRI - 100
1,Kerala,ALATHUR - 60,ALATHUR,Meri ,മേരി ,F,70,KL/07/053/327686,Thomas,തോമസ്,100,ST.MARRIES L P S MANGALAGIRI (NORTH SIDE),439,ST.MARRIES L P S MANGALAGIRI - 100
1,Kerala,ALATHUR - 60,ALATHUR,Jorjkutti ,ജോര്‍ജ്കുട്ടി ,M,46,KL/07/053/327641,Thomas,തോമസ്,100,ST.MARRIES L P S MANGALAGIRI (NORTH SIDE),440,ST.MARRIES L P S MANGALAGIRI - 100
1,Kerala,ALATHUR - 60,ALATHUR,Jobi ,ജോബി ,M,43,KL/07/053/327361,Thomas,തോമസ്,100,ST.MARRIES L P S MANGALAGIRI (NORTH SIDE),441,ST.MARRIES L P S MANGALAGIRI - 100
1,Kerala,ALATHUR - 60,ALATHUR,Rincy ,റിന്‍സി ,F,40,DLV1193119,Georgekutty,ജോര്‍ജ്ജ്കുട്ടി,100,ST.MARRIES L P S MANGALAGIRI (NORTH SIDE),442,ST.MARRIES L P S MANGALAGIRI - 100
1,Kerala,ALATHUR - 60,ALATHUR,Jisha ,ജിഷ ,F,40,HFS2100899,Joby,ജോബി,100,ST.MARRIES L P S MANGALAGIRI (NORTH SIDE),443,ST.MARRIES L P S MANGALAGIRI - 100
1,Kerala,ALATHUR - 60,ALATHUR,Prakas ,പ്രകാശ് ,M,51,KL/07/051/216369,Chamunni,ചാമുണ്ണി,100,ST.MARRIES L P S MANGALAGIRI (NORTH SIDE),444,ST.MARRIES L P S MANGALAGIRI - 100
1,Kerala,ALATHUR - 60,ALATHUR,Rthanam ,ര്തനം ,F,43,JLC1299411,Prakas,പ്രകാശ്,100,ST.MARRIES L P S MANGALAGIRI (NORTH SIDE),445,ST.MARRIES L P S MANGALAGIRI - 100
1,Kerala,ALATHUR - 60,ALATHUR,Sakkariyas ,സക്കറിയാസ് ,M,66,KL/07/053/327334,Joseph,ജോസഫ്,100,ST.MARRIES L P S MANGALAGIRI (NORTH SIDE),446,ST.MARRIES L P S MANGALAGIRI - 100
1,Kerala,ALATHUR - 60,ALATHUR,Klaramma ,ക്ലാരമ്മ ,F,58,KL/07/053/327335,Sakkariyas,സക്കറിയാസ്,100,ST.MARRIES L P S MANGALAGIRI (NORTH SIDE),447,ST.MARRIES L P S MANGALAGIRI - 100
1,Kerala,ALATHUR - 60,ALATHUR,Sonu zacharias ,സോനു സഖറിയാസ് ,M,30,WJT0063651,Zacharias Joseph,സഖറിയാസ് ജോസഫ്,100,ST.MARRIES L P S MANGALAGIRI (NORTH SIDE),448,ST.MARRIES L P S MANGALAGIRI - 100
1,Kerala,ALATHUR - 60,ALATHUR,Jon ,ജോണ്‍ ,M,78,KL/07/053/327665,Mathyu,മാത്യു,100,ST.MARRIES L P S MANGALAGIRI (NORTH SIDE),449,ST.MARRIES L P S MANGALAGIRI - 100
1,Kerala,ALATHUR - 60,ALATHUR,Meri ,മേരി ,F,74,KL/07/053/327662,Jon,ജോണ്‍,100,ST.MARRIES L P S MANGALAGIRI (NORTH SIDE),450,ST.MARRIES L P S MANGALAGIRI - 100
1,Kerala,ALATHUR - 60,ALATHUR,Biju ,ബിജു ,M,45,KL/07/053/327599,Jon,ജോണ്‍,100,ST.MARRIES L P S MANGALAGIRI (NORTH SIDE),451,ST.MARRIES L P S MANGALAGIRI - 100
1,Kerala,ALATHUR - 60,ALATHUR,Smitha ,സ്മിത ,F,44,WJT0035857,Bijujohn,ബിജുജോണ്‍,100,ST.MARRIES L P S MANGALAGIRI (NORTH SIDE),452,ST.MARRIES L P S MANGALAGIRI - 100
1,Kerala,ALATHUR - 60,ALATHUR,Joseph P V ,ജോസഫ് പി വി ,M,61,DLV1154285,Varkey,വര്‍ക്കി,100,ST.MARRIES L P S MANGALAGIRI (NORTH SIDE),453,ST.MARRIES L P S MANGALAGIRI - 100
1,Kerala,ALATHUR - 60,ALATHUR,Benny George ,ബെന്നി ജോര്‍ജ്ജ് ,M,46,WJT0113951,George,ജോര്‍ജ്ജ്,100,ST.MARRIES L P S MANGALAGIRI (NORTH SIDE),454,ST.MARRIES L P S MANGALAGIRI - 100
1,Kerala,ALATHUR - 60,ALATHUR,Benitha ,ബെനിത ,F,39,LCY1375161,Benny,ബെന്നി,100,ST.MARRIES L P S MANGALAGIRI (NORTH SIDE),455,ST.MARRIES L P S MANGALAGIRI - 100
1,Kerala,ALATHUR - 60,ALATHUR,Ttijo ,റ്റിജോ ,M,40,DLV1153527,jos,ജോസ്,100,ST.MARRIES L P S MANGALAGIRI (NORTH SIDE),456,ST.MARRIES L P S MANGALAGIRI - 100
1,Kerala,ALATHUR - 60,ALATHUR,Jinto V Paulos ,ജിന്റോ വി പൗലോസ് ,M,36,DLV1823863,Paulos,പൗലോസ്,100,ST.MARRIES L P S MANGALAGIRI (NORTH SIDE),457,ST.MARRIES L P S MANGALAGIRI - 100
1,Kerala,ALATHUR - 60,ALATHUR,Sani C S ,സാനി സി എസ് ,F,33,NGR0262758,Jinto V Paulose,ജിന്റോ വി പൗലോസ്,100,ST.MARRIES L P S MANGALAGIRI (NORTH SIDE),458,ST.MARRIES L P S MANGALAGIRI - 100
1,Kerala,ALATHUR - 60,ALATHUR,Selvan ,ശെല്‍വന്‍ ,M,59,KL/07/053/327537,Jagadeesan,ജഗദീശന്‍,100,ST.MARRIES L P S MANGALAGIRI (NORTH SIDE),459,ST.MARRIES L P S MANGALAGIRI - 100
1,Kerala,ALATHUR - 60,ALATHUR,Radha ,രാധ ,F,49,KL/07/053/327625,Selvan,ശെല്‍വന്‍,100,ST.MARRIES L P S MANGALAGIRI (NORTH SIDE),460,ST.MARRIES L P S MANGALAGIRI - 100
1,Kerala,ALATHUR - 60,ALATHUR,Ajikumar ,അജികുമാര്‍ ,M,33,WJT0073387,Selvan,ശെല്‍വന്‍,100,ST.MARRIES L P S MANGALAGIRI (NORTH SIDE),461,ST.MARRIES L P S MANGALAGIRI - 100
1,Kerala,ALATHUR - 60,ALATHUR,Sreekumar P S ,ശ്രീകുമാര്‍ പി എസ് ,M,30,WJT0227454,Selvan J,ശെല്‍വന്‍ ജെ,100,ST.MARRIES L P S MANGALAGIRI (NORTH SIDE),462,ST.MARRIES L P S MANGALAGIRI - 100
1,Kerala,ALATHUR - 60,ALATHUR,Shijo Thomas ,ഷിജോ തോമസ് ,M,40,DLV1730357,Leelamma,ലീലാമ്മ,100,ST.MARRIES L P S MANGALAGIRI (NORTH SIDE),463,ST.MARRIES L P S MANGALAGIRI - 100
1,Kerala,ALATHUR - 60,ALATHUR,Gopalapilla ,ഗോപാലപിള്ള ,M,78,WJT0416172,Sreedharanpilla,ശ്രീധരന്‍പിള്ള,100,ST.MARRIES L P S MANGALAGIRI (NORTH SIDE),464,ST.MARRIES L P S MANGALAGIRI - 100
1,Kerala,ALATHUR - 60,ALATHUR,Subhadramma ,സുഭദ്രാമ്മ ,F,69,WJT0416198,Gopalapilla,ഗോപാലപിള്ള,100,ST.MARRIES L P S MANGALAGIRI (NORTH SIDE),465,ST.MARRIES L P S MANGALAGIRI - 100
1,Kerala,ALATHUR - 60,ALATHUR,Ajikumar ,അജികുമാര്‍ ,M,44,WJT0416206,Gopalapilla,ഗോപാലപിള്ള,100,ST.MARRIES L P S MANGALAGIRI (NORTH SIDE),466,ST.MARRIES L P S MANGALAGIRI - 100
1,Kerala,ALATHUR - 60,ALATHUR,Raji ,രാജി ,F,38,LCY1662907,Ajikumar,അജികുമാര്‍,100,ST.MARRIES L P S MANGALAGIRI (NORTH SIDE),467,ST.MARRIES L P S MANGALAGIRI - 100
1,Kerala,ALATHUR - 60,ALATHUR,Vasanthakumari ,വസന്തകുമാരി ,F,58,DLV1154210,Kuttikrishnan,കുട്ടികൃഷ്ണന്‍,100,ST.MARRIES L P S MANGALAGIRI (NORTH SIDE),468,ST.MARRIES L P S MANGALAGIRI - 100
1,Kerala,ALATHUR - 60,ALATHUR,Moli ,മോളി ,F,57,KL/07/053/327507,Fransis,ഫ്രാന്‍സിസ്,100,ST.MARRIES L P S MANGALAGIRI (NORTH SIDE),469,ST.MARRIES L P S MANGALAGIRI - 100
1,Kerala,ALATHUR - 60,ALATHUR,TOM GEORGE ,ടോം ജോര്‍‍ജ്ജ് ,M,18,WJT2364966,GEORGE KUTTY THOMAS,ജോര്‍ജ്ജ് കുട്ടി തോമസ്,100,ST.MARRIES L P S MANGALAGIRI (NORTH SIDE),471,ST.MARRIES L P S MANGALAGIRI - 100
1,Kerala,ALATHUR - 60,ALATHUR,AKSHAY K S ,അക്ഷയ് കെ എസ് ,M,20,WJT2382562,K N SABU,കെ എന്‍ സാബു,100,ST.MARRIES L P S MANGALAGIRI (NORTH SIDE),473,ST.MARRIES L P S MANGALAGIRI - 100
1,Kerala,ALATHUR - 60,ALATHUR,CHRISTO JOSE ,ക്രിസ്റ്റോ ജോസ് ,M,18,WJT2395242,JOSE JOSEPH,ജോസ് ജോസഫ്,100,ST.MARRIES L P S MANGALAGIRI (NORTH SIDE),474,ST.MARRIES L P S MANGALAGIRI - 100
1,Kerala,ALATHUR - 60,ALATHUR,Bini  John ,ബിനി  ജോണ്‍ ,F,23,WJT2395689,John N J,ജോണ്‍ എന്‍ ജെ,100,ST.MARRIES L P S MANGALAGIRI (NORTH SIDE),475,ST.MARRIES L P S MANGALAGIRI - 100
1,Kerala,ALATHUR - 60,ALATHUR,Sakundala ,ശകുന്തള ,F,44,KL/07/053/330457,Kesavan,കേശവന്‍,100,ST.MARRIES L P S MANGALAGIRI (NORTH SIDE),476,ST.MARRIES L P S MANGALAGIRI - 100
